test_file,test,base_time,dynamo_time,ratio
test_complex.py,ComplexTest.test_divmod,0.12066666666666666,0.573,4.748618784530387
test_complex.py,ComplexTest.test_divmod_zero_division,0.11866666666666667,0.5586666666666668,4.7078651685393265
test_complex.py,ComplexTest.test_floordiv,0.11833333333333333,0.5623333333333334,4.752112676056338
test_complex.py,ComplexTest.test_floordiv_zero_division,0.11933333333333333,0.5616666666666666,4.706703910614525
test_complex.py,ComplexTest.test_mod,0.11966666666666667,0.5663333333333334,4.7325905292479105
test_complex.py,ComplexTest.test_mod_zero_division,0.11766666666666667,0.572,4.861189801699716
test_complex.py,ComplexTest.test_neg,0.121,0.5553333333333333,4.589531680440771
test_complex.py,ComplexTest.test_negated_imaginary_literal,0.11933333333333333,0.5456666666666667,4.572625698324023
test_complex.py,ComplexTest.test_plus_minus_0j,0.121,0.5496666666666667,4.542699724517907
test_complex.py,ComplexTest.test_truediv_zero_division,0.121,0.5696666666666667,4.707988980716253
test_raise.py,TestCause.testCauseSyntax,0.11966666666666666,0.554,4.629526462395544
test_raise.py,TestCause.test_class_cause,0.12133333333333333,0.5536666666666666,4.563186813186813
test_raise.py,TestCause.test_instance_cause,0.11966666666666667,0.55,4.596100278551532
test_raise.py,TestCause.test_invalid_cause,0.11800000000000001,0.5516666666666667,4.675141242937854
test_raise.py,TestContext.test_3118,0.12033333333333333,0.558,4.637119113573408
test_raise.py,TestContext.test_c_exception_context,0.12066666666666666,0.5383333333333333,4.461325966850829
test_raise.py,TestContext.test_class_context_class_raise,0.11866666666666667,0.5486666666666667,4.6235955056179785
test_raise.py,TestContext.test_class_context_instance_raise,0.12133333333333333,0.557,4.590659340659341
test_raise.py,TestContext.test_cycle_broken,0.12033333333333333,0.5486666666666667,4.5595567867036015
test_raise.py,TestContext.test_instance_context_instance_raise,0.11566666666666667,0.5443333333333333,4.706051873198847
test_raise.py,TestContext.test_noraise_finally,0.11766666666666667,0.544,4.623229461756374
test_raise.py,TestContext.test_not_last,0.12033333333333333,0.5593333333333333,4.64819944598338
test_raise.py,TestContext.test_raise_finally,0.11866666666666667,0.552,4.651685393258427
test_raise.py,TestRaise.test_except_reraise,0.12133333333333333,0.5706666666666667,4.7032967032967035
test_raise.py,TestRaise.test_finally_reraise,0.12,0.5603333333333333,4.669444444444445
test_raise.py,TestRaise.test_invalid_reraise,0.12,0.5506666666666667,4.5888888888888895
test_raise.py,TestRaise.test_nested_reraise,0.11966666666666666,0.547,4.571030640668525
test_raise.py,TestRaise.test_raise_from_None,0.12,0.5473333333333333,4.561111111111111
test_raise.py,TestRaise.test_reraise,0.12066666666666666,0.558,4.624309392265194
test_raise.py,TestRaise.test_with_reraise1,0.11766666666666667,0.5589999999999999,4.75070821529745
test_raise.py,TestRaise.test_with_reraise2,0.12033333333333333,0.5623333333333334,4.673130193905817
test_raise.py,TestRaise.test_yield_reraise,0.12133333333333333,0.559,4.607142857142858
test_heapq.py,TestErrorHandlingPython.test_heappop_mutating_heap,0.118,0.7736666666666667,6.556497175141244
test_heapq.py,TestErrorHandlingPython.test_heappush_mutating_heap,0.11666666666666667,0.7726666666666667,6.622857142857144
test_heapq.py,TestHeapPython.test_heappop_max,0.117,0.5686666666666667,4.86039886039886
test_heapq.py,TestHeapPython.test_heappushpop,0.11800000000000001,0.576,4.881355932203389
test_heapq.py,TestHeapPython.test_merge_does_not_suppress_index_error,0.12,0.614,5.116666666666667
test_heapq.py,TestModules.test_py_functions,0.11666666666666667,0.5793333333333333,4.965714285714285
test_float.py,GeneralFloatCases.test_float_ceil,0.12066666666666666,0.5903333333333333,4.892265193370165
test_float.py,GeneralFloatCases.test_float_floor,0.12166666666666666,0.576,4.734246575342466
test_float.py,GeneralFloatCases.test_float_mod,0.12266666666666666,0.5896666666666667,4.807065217391305
test_float.py,GeneralFloatCases.test_float_pow,0.12066666666666666,1.224,10.14364640883978
test_float.py,GeneralFloatCases.test_is_integer,0.122,0.5556666666666668,4.55464480874317
test_float.py,GeneralFloatCases.test_noargs,0.11933333333333333,0.56,4.692737430167599
test_float.py,HexFloatTestCase.test_ends,0.12033333333333333,0.5626666666666666,4.67590027700831
test_float.py,HexFloatTestCase.test_from_hex,0.12133333333333333,0.9946666666666666,8.197802197802197
test_float.py,HexFloatTestCase.test_invalid_inputs,0.11966666666666666,0.5643333333333334,4.715877437325906
test_float.py,HexFloatTestCase.test_whitespace,0.12033333333333333,0.9606666666666667,7.983379501385041
test_float.py,IEEEFormatTestCase.test_double_specials_do_unpack,0.118,0.561,4.754237288135594
test_float.py,IEEEFormatTestCase.test_float_specials_do_unpack,0.119,0.555,4.663865546218488
test_float.py,IEEEFormatTestCase.test_serialized_float_rounding,0.12166666666666666,0.5616666666666666,4.616438356164384
test_float.py,InfNanTest.test_inf_as_str,0.12033333333333333,0.5696666666666667,4.734072022160665
test_float.py,InfNanTest.test_inf_from_str,0.12166666666666666,0.6396666666666667,5.257534246575343
test_float.py,InfNanTest.test_inf_signs,0.12166666666666666,0.5686666666666667,4.673972602739727
test_float.py,InfNanTest.test_nan_as_str,0.12066666666666666,0.5630000000000001,4.665745856353592
test_float.py,InfNanTest.test_nan_from_str,0.12,0.6043333333333333,5.0361111111111105
test_float.py,InfNanTest.test_nan_signs,0.12133333333333333,0.5586666666666666,4.604395604395604
test_float.py,ReprTestCase.test_short_repr,0.12233333333333334,0.7666666666666667,6.267029972752044
test_float.py,RoundTestCase.test_None_ndigits,0.121,0.5753333333333333,4.754820936639118
test_float.py,RoundTestCase.test_inf_nan,0.119,0.584,4.907563025210084
test_float.py,RoundTestCase.test_inf_nan_ndigits,0.119,0.5676666666666667,4.7703081232493
test_float.py,RoundTestCase.test_large_n,0.11733333333333333,0.6196666666666667,5.28125
test_float.py,RoundTestCase.test_overflow,0.11866666666666667,0.552,4.651685393258427
test_float.py,RoundTestCase.test_previous_round_bugs,0.12,0.575,4.791666666666666
test_float.py,RoundTestCase.test_small_n,0.12133333333333333,0.5703333333333334,4.700549450549451
test_dict.py,DictTest.test_bool,0.12066666666666666,0.5613333333333334,4.651933701657459
test_dict.py,DictTest.test_clear,0.11833333333333333,0.5693333333333334,4.8112676056338035
test_dict.py,DictTest.test_constructor,0.12066666666666666,0.5633333333333334,4.668508287292818
test_dict.py,DictTest.test_container_iterator,0.36933333333333335,0.5236666666666667,1.4178700361010832
test_dict.py,DictTest.test_contains,0.12,0.559,4.658333333333334
test_dict.py,DictTest.test_copy,0.122,0.5756666666666667,4.718579234972678
test_dict.py,DictTest.test_copy_noncompact,0.12233333333333334,0.608,4.970027247956403
test_dict.py,DictTest.test_dict_items_result_gc,0.21433333333333332,0.522,2.4354587869362367
test_dict.py,DictTest.test_dict_items_result_gc_reversed,0.21366666666666667,0.5356666666666667,2.5070202808112327
test_dict.py,DictTest.test_dictview_set_operations_on_keys,0.12133333333333333,0.6366666666666667,5.247252747252747
test_dict.py,DictTest.test_empty_presized_dict_in_freelist,0.12166666666666666,0.5613333333333334,4.6136986301369864
test_dict.py,DictTest.test_free_after_iterating,1.0063333333333333,0.5466666666666666,0.543226233852269
test_dict.py,DictTest.test_get,0.12466666666666666,0.575,4.612299465240642
test_dict.py,DictTest.test_len,0.11133333333333334,0.5573333333333333,5.005988023952096
test_dict.py,DictTest.test_popitem,0.10966666666666666,0.6906666666666667,6.297872340425532
test_dict.py,DictTest.test_resize1,0.11,0.548,4.981818181818182
test_dict.py,DictTest.test_reverse_iterator_for_empty_dict,0.11033333333333334,0.5766666666666667,5.226586102719033
test_dict.py,DictTest.test_string_keys_can_track_values,0.111,0.5746666666666667,5.177177177177177
test_dict.py,DictTest.test_track_dynamic,3.6416666666666666,0.5476666666666667,0.15038901601830665
test_dict.py,DictTest.test_track_literals,2.2953333333333332,0.5893333333333333,0.25675283183270403
test_dict.py,DictTest.test_track_subtypes,0.3456666666666667,0.5733333333333333,1.6586306653809062
test_dict.py,GeneralMappingTests.test_bool,0.133,0.5623333333333334,4.228070175438597
test_dict.py,GeneralMappingTests.test_constructor,0.125,0.577,4.616
test_dict.py,GeneralMappingTests.test_get,0.12333333333333334,0.5773333333333333,4.68108108108108
test_dict.py,GeneralMappingTests.test_getitem,0.12233333333333334,0.5666666666666667,4.632152588555858
test_dict.py,GeneralMappingTests.test_items,0.12266666666666666,0.5676666666666667,4.627717391304348
test_dict.py,GeneralMappingTests.test_keys,0.12266666666666666,0.5716666666666667,4.6603260869565215
test_dict.py,GeneralMappingTests.test_len,0.12366666666666666,0.559,4.520215633423181
test_dict.py,GeneralMappingTests.test_pop,0.12266666666666666,0.5723333333333332,4.665760869565217
test_dict.py,GeneralMappingTests.test_popitem,0.12233333333333334,0.5623333333333334,4.5967302452316074
test_dict.py,GeneralMappingTests.test_read,0.122,0.6096666666666667,4.997267759562842
test_dict.py,GeneralMappingTests.test_setdefault,0.12233333333333334,0.561,4.5858310626703
test_dict.py,GeneralMappingTests.test_values,0.12266666666666666,0.5676666666666667,4.627717391304348
test_dict.py,GeneralMappingTests.test_write,0.12166666666666666,0.6093333333333333,5.008219178082192
test_dict.py,SubclassMappingTests.test_constructor,0.12266666666666666,0.5626666666666666,4.586956521739131
test_dict.py,SubclassMappingTests.test_get,0.123,0.5856666666666667,4.761517615176152
test_dict.py,SubclassMappingTests.test_getitem,0.12266666666666666,0.5646666666666667,4.603260869565218
test_dict.py,SubclassMappingTests.test_items,0.12266666666666666,0.5676666666666667,4.627717391304348
test_dict.py,SubclassMappingTests.test_keys,0.123,0.574,4.666666666666666
test_dict.py,SubclassMappingTests.test_len,0.12233333333333334,0.559,4.569482288828338
test_dict.py,SubclassMappingTests.test_pop,0.12333333333333334,0.5756666666666667,4.667567567567567
test_dict.py,SubclassMappingTests.test_popitem,0.12266666666666666,0.5723333333333332,4.665760869565217
test_dict.py,SubclassMappingTests.test_setdefault,0.123,0.5633333333333332,4.5799457994579935
test_dict.py,SubclassMappingTests.test_values,0.12266666666666666,0.5673333333333332,4.624999999999999
test_dict.py,SubclassMappingTests.test_write,0.12266666666666666,0.6133333333333333,5.0
test_ordered_dict.py,CPythonBuiltinDictTests.test_abc,0.122,0.564,4.6229508196721305
test_ordered_dict.py,CPythonBuiltinDictTests.test_reinsert,0.12133333333333333,0.5743333333333333,4.733516483516483
test_ordered_dict.py,CPythonBuiltinDictTests.test_setitem,0.12166666666666666,0.5853333333333333,4.810958904109588
test_ordered_dict.py,CPythonGeneralMappingTests.test_bool,0.12233333333333334,0.5536666666666668,4.525885558583107
test_ordered_dict.py,CPythonGeneralMappingTests.test_constructor,0.12233333333333334,0.5673333333333334,4.637602179836512
test_ordered_dict.py,CPythonGeneralMappingTests.test_get,0.12133333333333333,0.5736666666666667,4.728021978021978
test_ordered_dict.py,CPythonGeneralMappingTests.test_getitem,0.123,0.564,4.585365853658536
test_ordered_dict.py,CPythonGeneralMappingTests.test_items,0.122,0.563,4.614754098360655
test_ordered_dict.py,CPythonGeneralMappingTests.test_keys,0.12166666666666666,0.568,4.668493150684931
test_ordered_dict.py,CPythonGeneralMappingTests.test_len,0.12233333333333334,0.555,4.536784741144414
test_ordered_dict.py,CPythonGeneralMappingTests.test_pop,0.122,0.5673333333333332,4.6502732240437155
test_ordered_dict.py,CPythonGeneralMappingTests.test_popitem,0.122,0.555,4.549180327868853
test_ordered_dict.py,CPythonGeneralMappingTests.test_read,0.12133333333333333,0.605,4.986263736263736
test_ordered_dict.py,CPythonGeneralMappingTests.test_setdefault,0.123,0.5673333333333334,4.612466124661247
test_ordered_dict.py,CPythonGeneralMappingTests.test_values,0.12266666666666666,0.5666666666666667,4.619565217391305
test_ordered_dict.py,CPythonGeneralMappingTests.test_write,0.12333333333333334,0.6083333333333333,4.932432432432432
test_ordered_dict.py,CPythonOrderedDictSubclassTests.test_abc,0.123,0.563,4.5772357723577235
test_ordered_dict.py,CPythonOrderedDictSubclassTests.test_issue24667,0.12133333333333333,0.5956666666666667,4.90934065934066
test_ordered_dict.py,CPythonOrderedDictSubclassTests.test_iterators_empty,0.12166666666666666,0.5983333333333333,4.917808219178082
test_ordered_dict.py,CPythonOrderedDictSubclassTests.test_reinsert,0.12266666666666666,0.5766666666666667,4.701086956521739
test_ordered_dict.py,CPythonOrderedDictSubclassTests.test_setitem,0.122,0.5803333333333333,4.756830601092895
test_ordered_dict.py,CPythonOrderedDictTests.test_abc,0.11766666666666667,0.561,4.767705382436261
test_ordered_dict.py,CPythonOrderedDictTests.test_dict_clear,0.11966666666666666,0.539,4.504178272980502
test_ordered_dict.py,CPythonOrderedDictTests.test_dict_setdefault,0.11733333333333333,0.539,4.59375
test_ordered_dict.py,CPythonOrderedDictTests.test_dict_setitem,0.11933333333333333,0.543,4.550279329608939
test_ordered_dict.py,CPythonOrderedDictTests.test_dict_update,0.12133333333333333,0.5533333333333333,4.56043956043956
test_ordered_dict.py,CPythonOrderedDictTests.test_fromkeys,0.11966666666666666,0.5703333333333332,4.766016713091922
test_ordered_dict.py,CPythonOrderedDictTests.test_issue24667,0.12166666666666666,0.5713333333333334,4.695890410958905
test_ordered_dict.py,CPythonOrderedDictTests.test_iterators_empty,0.119,0.583,4.899159663865546
test_ordered_dict.py,CPythonOrderedDictTests.test_reinsert,0.11933333333333333,0.5743333333333333,4.812849162011172
test_ordered_dict.py,CPythonOrderedDictTests.test_setitem,0.12066666666666666,0.5706666666666667,4.7292817679558015
test_ordered_dict.py,CPythonSubclassMappingTests.test_constructor,0.12233333333333334,0.5556666666666666,4.542234332425068
test_ordered_dict.py,CPythonSubclassMappingTests.test_get,0.12266666666666666,0.572,4.663043478260869
test_ordered_dict.py,CPythonSubclassMappingTests.test_getitem,0.11866666666666666,0.552,4.651685393258428
test_ordered_dict.py,CPythonSubclassMappingTests.test_items,0.12133333333333333,0.564,4.648351648351648
test_ordered_dict.py,CPythonSubclassMappingTests.test_keys,0.12166666666666666,0.5636666666666666,4.632876712328767
test_ordered_dict.py,CPythonSubclassMappingTests.test_len,0.12266666666666666,0.543,4.426630434782609
test_ordered_dict.py,CPythonSubclassMappingTests.test_pop,0.12166666666666666,0.5633333333333334,4.630136986301371
test_ordered_dict.py,CPythonSubclassMappingTests.test_popitem,0.12033333333333333,0.5503333333333333,4.573407202216067
test_ordered_dict.py,CPythonSubclassMappingTests.test_setdefault,0.11833333333333333,0.5463333333333333,4.616901408450705
test_ordered_dict.py,CPythonSubclassMappingTests.test_values,0.11933333333333333,0.5613333333333334,4.70391061452514
test_ordered_dict.py,CPythonSubclassMappingTests.test_write,0.12133333333333333,0.5913333333333333,4.873626373626373
test_ordered_dict.py,CSimpleLRUCacheTests.test_change_order_on_get,0.11866666666666666,0.5906666666666667,4.977528089887641
test_ordered_dict.py,CSimpleLRUCacheTests.test_pop,0.11966666666666666,0.6033333333333333,5.041782729805014
test_ordered_dict.py,PurePythonGeneralMappingTests.test_getitem,0.12233333333333334,0.5596666666666668,4.574931880108992
test_ordered_dict.py,PurePythonSubclassMappingTests.test_getitem,0.12033333333333333,0.5606666666666666,4.659279778393351
test_exception_variations.py,ExceptTestCases.test_nested,0.121,0.54,4.462809917355372
test_exception_variations.py,ExceptTestCases.test_nested_else,0.11866666666666666,0.5543333333333333,4.6713483146067425
test_exception_variations.py,ExceptTestCases.test_nested_exception_in_else,0.118,0.553,4.686440677966102
test_exception_variations.py,ExceptTestCases.test_nested_exception_in_except,0.11933333333333333,0.5446666666666667,4.5642458100558665
test_exception_variations.py,ExceptTestCases.test_nested_exception_in_finally_no_exception,0.11633333333333334,0.5486666666666667,4.716332378223496
test_exception_variations.py,ExceptTestCases.test_nested_exception_in_finally_with_exception,0.116,0.5393333333333333,4.649425287356322
test_exception_variations.py,ExceptTestCases.test_try_except,0.11833333333333333,0.5483333333333333,4.633802816901409
test_exception_variations.py,ExceptTestCases.test_try_except_else,0.11833333333333333,0.55,4.647887323943662
test_exception_variations.py,ExceptTestCases.test_try_except_else_finally,0.118,0.55,4.661016949152543
test_exception_variations.py,ExceptTestCases.test_try_except_else_finally_no_exception,0.11866666666666667,0.561,4.727528089887641
test_exception_variations.py,ExceptTestCases.test_try_except_else_no_exception,0.119,0.5576666666666668,4.686274509803923
test_exception_variations.py,ExceptTestCases.test_try_except_finally,0.12033333333333333,0.554,4.60387811634349
test_exception_variations.py,ExceptTestCases.test_try_except_finally_no_exception,0.119,0.5546666666666668,4.661064425770309
test_exception_variations.py,ExceptTestCases.test_try_except_no_exception,0.11966666666666666,0.5603333333333333,4.6824512534818945
test_exception_variations.py,ExceptTestCases.test_try_finally_no_exception,0.121,0.5636666666666666,4.658402203856749
test_itertools.py,RegressionTests.test_sf_950057,0.12166666666666666,0.5886666666666667,4.838356164383562
test_itertools.py,TestBasicOps.test_chain,0.12133333333333333,0.6013333333333333,4.956043956043955
test_itertools.py,TestBasicOps.test_chain_from_iterable,0.12033333333333333,0.598,4.969529085872576
test_itertools.py,TestBasicOps.test_cycle,0.122,0.588,4.819672131147541
test_itertools.py,TestBasicOps.test_filter,0.11933333333333333,0.5763333333333333,4.829608938547485
test_itertools.py,TestExamples.test_accumulate,0.12,0.564,4.699999999999999
test_itertools.py,TestExamples.test_chain,0.121,0.5526666666666666,4.567493112947658
test_itertools.py,TestExamples.test_chain_from_iterable,0.11866666666666666,0.5623333333333334,4.738764044943821
test_itertools.py,TestExamples.test_combinations,0.12233333333333334,0.5723333333333332,4.678474114441416
test_itertools.py,TestExamples.test_compress,0.119,0.5616666666666666,4.719887955182073
test_itertools.py,TestExamples.test_count,0.12266666666666666,0.5653333333333332,4.608695652173912
test_itertools.py,TestExamples.test_cycle,0.11966666666666666,0.576,4.813370473537605
test_itertools.py,TestExamples.test_dropwhile,0.11766666666666667,0.5676666666666667,4.824362606232294
test_itertools.py,TestExamples.test_filter,0.122,0.5673333333333332,4.6502732240437155
test_itertools.py,TestExamples.test_groupby,0.12233333333333334,0.5663333333333332,4.62942779291553
test_itertools.py,TestExamples.test_islice,0.12033333333333333,0.5676666666666667,4.717451523545706
test_itertools.py,TestExamples.test_map,0.12166666666666666,0.555,4.561643835616439
test_itertools.py,TestExamples.test_repeat,0.12166666666666666,0.5566666666666668,4.575342465753426
test_itertools.py,TestExamples.test_zip,0.12666666666666668,0.5653333333333334,4.463157894736842
test_itertools.py,TestExamples.test_zip_longest,0.119,0.5803333333333333,4.876750700280112
test_itertools.py,TestGC.test_accumulate,0.121,0.557,4.603305785123967
test_itertools.py,TestGC.test_chain,0.118,0.5553333333333333,4.706214689265537
test_itertools.py,TestGC.test_chain_from_iterable,0.12133333333333333,0.5483333333333333,4.519230769230769
test_itertools.py,TestGC.test_combinations,0.121,0.559,4.6198347107438025
test_itertools.py,TestGC.test_compress,0.121,0.5613333333333334,4.639118457300276
test_itertools.py,TestGC.test_cycle,0.12233333333333334,0.5446666666666667,4.452316076294278
test_itertools.py,TestGC.test_dropwhile,0.11933333333333333,0.5613333333333334,4.70391061452514
test_itertools.py,TestGC.test_filter,0.12,0.5563333333333333,4.636111111111111
test_itertools.py,TestGC.test_islice,0.12233333333333334,0.5626666666666666,4.599455040871934
test_itertools.py,TestGC.test_map,0.11933333333333333,0.5526666666666668,4.631284916201118
test_itertools.py,TestGC.test_pairwise,0.12166666666666666,0.557,4.5780821917808225
test_itertools.py,TestGC.test_repeat,0.12166666666666666,0.5553333333333333,4.564383561643836
test_itertools.py,TestGC.test_zip,0.12,0.5553333333333333,4.627777777777778
test_itertools.py,TestGC.test_zip_longest,0.11933333333333333,0.5653333333333332,4.737430167597765
test_itertools.py,TestVariousIteratorArgs.test_accumulate,0.119,0.625,5.2521008403361344
test_with.py,ExceptionalTestCase.testRaisedGeneratorExit1,0.117,0.5706666666666667,4.877492877492877
test_with.py,NestedNonexceptionalTestCase.testMultipleArgBound,0.12066666666666666,0.5836666666666667,4.837016574585635
test_with.py,NestedNonexceptionalTestCase.testMultipleArgUnbound,0.119,0.602,5.0588235294117645
test_with.py,NestedNonexceptionalTestCase.testSingleArgBoundToNonTuple,0.12166666666666666,0.5843333333333333,4.802739726027397
test_with.py,NestedNonexceptionalTestCase.testSingleArgBoundToSingleElementParenthesizedList,0.12033333333333333,0.5806666666666667,4.825484764542936
test_with.py,NestedNonexceptionalTestCase.testSingleArgInlineGeneratorSyntax,0.11933333333333333,0.5713333333333332,4.787709497206703
test_with.py,NestedNonexceptionalTestCase.testSingleArgUnbound,0.12133333333333333,0.5943333333333333,4.898351648351648
test_with.py,NestedWith.testEnterReturnsTuple,0.11666666666666667,0.568,4.868571428571428
test_with.py,NestedWith.testExceptionInEnter,0.11633333333333334,0.5576666666666666,4.793696275071633
test_with.py,NestedWith.testExceptionInExit,0.11933333333333333,0.554,4.64245810055866
test_with.py,NestedWith.testExceptionInExprList,0.117,0.5496666666666667,4.698005698005699
test_with.py,NestedWith.testNoExceptions,0.11766666666666667,0.551,4.68271954674221
test_with.py,NonLocalFlowControlTestCase.testWithBreak,0.11633333333333334,0.5646666666666667,4.8538681948424065
test_with.py,NonLocalFlowControlTestCase.testWithContinue,0.11833333333333333,0.5626666666666666,4.754929577464789
test_with.py,NonLocalFlowControlTestCase.testWithRaise,0.116,0.5536666666666668,4.772988505747127
test_with.py,NonLocalFlowControlTestCase.testWithReturn,0.11766666666666667,0.5566666666666668,4.730878186968839
test_with.py,NonLocalFlowControlTestCase.testWithYield,0.119,0.56,4.7058823529411775
test_with.py,NonexceptionalTestCase.testBoundGenerator,0.116,0.582,5.017241379310344
test_with.py,NonexceptionalTestCase.testInlineGeneratorBoundSyntax,0.11966666666666666,0.5656666666666667,4.727019498607243
test_with.py,NonexceptionalTestCase.testInlineGeneratorBoundToDottedVariable,0.11533333333333334,0.5576666666666666,4.8352601156069355
test_with.py,NonexceptionalTestCase.testInlineGeneratorBoundToExistingVariable,0.12,0.5696666666666667,4.747222222222223
test_with.py,NonexceptionalTestCase.testInlineGeneratorSyntax,0.12033333333333333,0.5633333333333334,4.6814404432132966
test_with.py,NonexceptionalTestCase.testNestedSingleStatements,0.12,0.5723333333333332,4.769444444444444
test_with.py,NonexceptionalTestCase.testUnboundGenerator,0.12,0.569,4.741666666666666
test_exceptions.py,ExceptionTests.testChainingDescriptors,0.11833333333333333,0.556,4.6985915492957755
test_exceptions.py,ExceptionTests.testNoneClearsTracebackAttr,0.11766666666666667,0.5606666666666666,4.764872521246459
test_exceptions.py,ExceptionTests.test_context_of_exception_in_else_and_finally,0.11933333333333333,0.5466666666666667,4.5810055865921795
test_exceptions.py,ExceptionTests.test_context_of_exception_in_except_and_finally,0.12266666666666666,0.5426666666666667,4.423913043478262
test_exceptions.py,ExceptionTests.test_context_of_exception_in_try_and_finally,0.12133333333333333,0.5593333333333333,4.60989010989011
test_exceptions.py,ExceptionTests.test_generator_doesnt_retain_old_exc,0.12266666666666666,0.571,4.654891304347826
test_exceptions.py,ExceptionTests.test_generator_doesnt_retain_old_exc2,0.121,0.5713333333333332,4.721763085399449
test_exceptions.py,ExceptionTests.test_generator_leaking2,0.121,0.5523333333333333,4.564738292011019
test_exceptions.py,ExceptionTests.test_generator_leaking3,0.12066666666666666,0.5436666666666667,4.505524861878454
test_exceptions.py,ExceptionTests.test_no_hang_on_context_chain_cycle1,0.12133333333333333,0.5503333333333333,4.535714285714286
test_exceptions.py,ExceptionTests.test_raise_in_generator,0.12066666666666666,0.553,4.582872928176796
test_exceptions.py,ExceptionTests.test_str,0.12133333333333333,0.561,4.623626373626374
test_exceptions.py,ExceptionTests.test_windows_message,0.0,0.13733333333333334,
test_tuple.py,TupleTest.test_bigrepeat,0.11666666666666667,0.566,4.8514285714285705
test_tuple.py,TupleTest.test_contains,0.12333333333333334,0.57,4.621621621621621
test_tuple.py,TupleTest.test_getitem,0.12266666666666666,0.6193333333333333,5.048913043478261
test_tuple.py,TupleTest.test_getslice,0.119,0.6323333333333333,5.313725490196078
test_tuple.py,TupleTest.test_hash_optional,0.12166666666666666,0.55,4.52054794520548
test_tuple.py,TupleTest.test_iadd,0.12066666666666667,0.5706666666666667,4.729281767955801
test_tuple.py,TupleTest.test_imul,0.12266666666666666,0.5696666666666667,4.644021739130435
test_tuple.py,TupleTest.test_len,0.122,0.5630000000000001,4.614754098360656
test_tuple.py,TupleTest.test_lexicographic_ordering,0.12133333333333333,0.552,4.54945054945055
test_tuple.py,TupleTest.test_minmax,0.12,0.5683333333333334,4.736111111111112
test_tuple.py,TupleTest.test_repr,0.12333333333333334,0.567,4.597297297297297
test_tuple.py,TupleTest.test_repr_large,0.169,0.981,5.804733727810651
test_tuple.py,TupleTest.test_subscript,0.119,0.607,5.100840336134454
test_tuple.py,TupleTest.test_truth,0.11933333333333333,0.544,4.5586592178770955
test_tuple.py,TupleTest.test_tupleresizebug,0.12133333333333333,0.6103333333333333,5.03021978021978
test_generator_stop.py,TestPEP479.test_stopiteration_wrapping,0.118,0.5273333333333333,4.468926553672317
test_generator_stop.py,TestPEP479.test_stopiteration_wrapping_context,0.12066666666666666,0.553,4.582872928176796
test_math.py,IsCloseTests.test_asymmetry,0.122,0.5713333333333332,4.683060109289617
test_math.py,IsCloseTests.test_eight_decimal_places,0.12266666666666666,0.5773333333333333,4.706521739130435
test_math.py,IsCloseTests.test_identical,0.12,0.568,4.733333333333333
test_math.py,IsCloseTests.test_identical_infinite,0.123,0.5683333333333332,4.620596205962059
test_math.py,IsCloseTests.test_inf_ninf_nan,0.12033333333333333,0.578,4.803324099722992
test_math.py,IsCloseTests.test_integers,0.12233333333333334,0.5683333333333334,4.645776566757493
test_math.py,IsCloseTests.test_near_zero,0.121,0.5706666666666667,4.7162534435261705
test_math.py,IsCloseTests.test_negative_tolerances,0.123,0.5613333333333334,4.563685636856369
test_math.py,IsCloseTests.test_zero_tolerance,0.121,0.5736666666666667,4.741046831955923
test_math.py,MathTests.testAcos,0.11966666666666666,0.596,4.9805013927576605
test_math.py,MathTests.testAcosh,0.121,0.608,5.024793388429752
test_math.py,MathTests.testAsin,0.12266666666666666,0.5996666666666667,4.888586956521739
test_math.py,MathTests.testAsinh,0.12233333333333334,0.5893333333333333,4.817438692098092
test_math.py,MathTests.testAtan,0.12233333333333334,0.587,4.798365122615803
test_math.py,MathTests.testAtan2,0.12366666666666666,0.632,5.110512129380054
test_math.py,MathTests.testAtanh,0.123,0.5903333333333333,4.799457994579945
test_math.py,MathTests.testCbrt,0.121,0.5916666666666667,4.889807162534435
test_math.py,MathTests.testConstants,0.12033333333333333,0.5743333333333333,4.772853185595567
test_math.py,MathTests.testCopysign,0.12266666666666666,0.6083333333333333,4.959239130434782
test_math.py,MathTests.testCos,0.12,0.5933333333333333,4.944444444444444
test_math.py,MathTests.testCosh,0.12166666666666666,0.59,4.8493150684931505
test_math.py,MathTests.testDegrees,0.11833333333333333,0.5806666666666667,4.907042253521126
test_math.py,MathTests.testExp,0.12066666666666667,0.6,4.972375690607734
test_math.py,MathTests.testExp2,0.12033333333333333,0.5823333333333333,4.839335180055401
test_math.py,MathTests.testFabs,0.11933333333333333,0.5806666666666667,4.865921787709497
test_math.py,MathTests.testFactorialHugeInputs,0.12133333333333333,0.5653333333333334,4.65934065934066
test_math.py,MathTests.testFmod,0.12333333333333334,0.607,4.921621621621622
test_math.py,MathTests.testFrexp,0.12,0.5716666666666667,4.763888888888889
test_math.py,MathTests.testIsfinite,0.12,0.5526666666666666,4.605555555555555
test_math.py,MathTests.testIsinf,0.11966666666666667,0.5589999999999999,4.671309192200557
test_math.py,MathTests.testIsnan,0.122,0.5599999999999999,4.590163934426229
test_math.py,MathTests.testLdexp,0.12066666666666667,0.6973333333333334,5.779005524861878
test_math.py,MathTests.testLog,0.121,0.603,4.983471074380165
test_math.py,MathTests.testLog10,0.12066666666666666,0.595,4.930939226519337
test_math.py,MathTests.testLog1p,0.12166666666666666,0.5763333333333333,4.736986301369862
test_math.py,MathTests.testModf,0.12166666666666666,0.5743333333333333,4.720547945205479
test_math.py,MathTests.testPow,0.12233333333333334,0.878,7.177111716621253
test_math.py,MathTests.testRadians,0.118,0.571,4.838983050847458
test_math.py,MathTests.testSin,0.118,0.5816666666666667,4.929378531073446
test_math.py,MathTests.testSinh,0.12266666666666666,0.5796666666666667,4.72554347826087
test_math.py,MathTests.testSqrt,0.12233333333333334,0.5946666666666667,4.861035422343324
test_math.py,MathTests.testTan,0.123,0.596,4.845528455284553
test_math.py,MathTests.testTanh,0.12133333333333333,0.574,4.73076923076923
test_math.py,MathTests.testTanhSign,0.11833333333333333,0.5583333333333333,4.71830985915493
test_math.py,MathTests.test_exceptions,0.11866666666666666,0.5556666666666668,4.6825842696629225
test_math.py,MathTests.test_inf_constant,0.12266666666666666,0.5613333333333334,4.576086956521739
test_math.py,MathTests.test_input_exceptions,0.118,0.581,4.923728813559322
test_math.py,MathTests.test_math_dist_leak,0.12133333333333333,0.5676666666666667,4.678571428571429
test_math.py,MathTests.test_nan_constant,0.12233333333333334,0.5713333333333332,4.670299727520435
test_math.py,MathTests.test_nextafter,0.12033333333333333,0.657,5.459833795013851
test_math.py,MathTests.test_ulp,0.0,0.137,
test_userlist.py,UserListTest.test_add_specials,0.12,0.5783333333333333,4.819444444444444
test_userlist.py,UserListTest.test_bigrepeat,0.122,0.5553333333333333,4.551912568306011
test_userlist.py,UserListTest.test_delslice,0.12233333333333334,0.6056666666666667,4.950953678474114
test_userlist.py,UserListTest.test_exhausted_iterator,0.11966666666666666,0.5836666666666667,4.8774373259052926
test_userlist.py,UserListTest.test_extendedslicing,0.12133333333333333,0.631,5.200549450549451
test_userlist.py,UserListTest.test_getslice,0.12,1.192,9.933333333333334
test_userlist.py,UserListTest.test_imul,0.12033333333333333,0.5706666666666667,4.742382271468144
test_userlist.py,UserListTest.test_len,0.12066666666666666,0.5763333333333333,4.776243093922652
test_userlist.py,UserListTest.test_minmax,0.12166666666666666,0.5823333333333333,4.786301369863013
test_userlist.py,UserListTest.test_mixedadd,0.12066666666666666,0.5680000000000001,4.70718232044199
test_userlist.py,UserListTest.test_mixedcmp,0.12066666666666667,0.5763333333333333,4.776243093922651
test_userlist.py,UserListTest.test_radd_specials,0.123,0.5656666666666667,4.598915989159892
test_userlist.py,UserListTest.test_slice,0.122,0.5686666666666667,4.66120218579235
test_userlist.py,UserListTest.test_slice_assign_iterator,0.11933333333333333,0.5813333333333333,4.871508379888268
test_userlist.py,UserListTest.test_slice_type,0.122,0.569,4.663934426229508
test_userlist.py,UserListTest.test_truth,0.11833333333333333,0.5556666666666668,4.695774647887324
test_iter.py,TestCase.test_exception_function,0.12133333333333333,0.5706666666666667,4.7032967032967035
test_iter.py,TestCase.test_extending_list_with_iterator_does_not_segfault,0.12133333333333333,0.583,4.804945054945055
test_iter.py,TestCase.test_iter_basic,0.12166666666666666,0.5643333333333334,4.638356164383562
test_iter.py,TestCase.test_iter_big_range,0.12233333333333334,1.1753333333333333,9.607629427792915
test_iter.py,TestCase.test_iter_callable,0.12133333333333333,0.5623333333333334,4.634615384615385
test_iter.py,TestCase.test_iter_class_for,0.121,0.5696666666666667,4.707988980716253
test_iter.py,TestCase.test_iter_class_iter,0.12033333333333333,0.5656666666666667,4.700831024930748
test_iter.py,TestCase.test_iter_dict,0.12033333333333333,0.5603333333333333,4.6565096952908585
test_iter.py,TestCase.test_iter_empty,0.12,0.5503333333333333,4.586111111111111
test_iter.py,TestCase.test_iter_for_loop,0.12,0.561,4.675000000000001
test_iter.py,TestCase.test_iter_function,0.122,0.571,4.6803278688524586
test_iter.py,TestCase.test_iter_function_stop,0.12066666666666666,0.581,4.814917127071824
test_iter.py,TestCase.test_iter_idempotency,0.121,0.562,4.644628099173555
test_iter.py,TestCase.test_iter_independence,0.12233333333333334,0.605,4.94550408719346
test_iter.py,TestCase.test_iter_range,0.12233333333333334,0.5643333333333334,4.613079019073569
test_iter.py,TestCase.test_iter_string,0.122,0.5593333333333333,4.584699453551913
test_iter.py,TestCase.test_iter_tuple,0.122,0.5543333333333333,4.543715846994536
test_iter.py,TestCase.test_mutating_seq_class_exhausted_iter,0.12166666666666666,0.5756666666666667,4.7315068493150685
test_iter.py,TestCase.test_nested_comprehensions_for,0.12066666666666666,0.601,4.980662983425415
test_iter.py,TestCase.test_nested_comprehensions_iter,0.12266666666666666,0.6096666666666667,4.970108695652175
test_iter.py,TestCase.test_seq_class_for,0.123,0.579,4.7073170731707314
test_iter.py,TestCase.test_seq_class_iter,0.12333333333333334,0.5746666666666667,4.659459459459459
test_iter.py,TestCase.test_sinkstate_callable,0.122,0.574,4.704918032786885
test_iter.py,TestCase.test_sinkstate_dict,0.122,0.5866666666666667,4.808743169398907
test_iter.py,TestCase.test_sinkstate_enumerate,0.12166666666666666,0.5776666666666667,4.747945205479453
test_iter.py,TestCase.test_sinkstate_list,0.12266666666666666,0.5726666666666667,4.668478260869565
test_iter.py,TestCase.test_sinkstate_range,0.12066666666666666,0.5653333333333332,4.685082872928176
test_iter.py,TestCase.test_sinkstate_sequence,0.11866666666666666,0.579,4.879213483146067
test_iter.py,TestCase.test_sinkstate_string,0.12066666666666667,0.5683333333333334,4.709944751381215
test_iter.py,TestCase.test_sinkstate_tuple,0.12166666666666666,0.5713333333333332,4.695890410958904
test_iter.py,TestCase.test_sinkstate_yield,0.121,0.5763333333333333,4.763085399449035
test_int.py,IntStrDigitLimitsTests.test_int_from_other_bases,0.122,0.5956666666666667,4.882513661202186
test_int.py,IntStrDigitLimitsTests.test_max_str_digits,0.12033333333333333,0.576,4.786703601108033
test_int.py,IntStrDigitLimitsTests.test_max_str_digits_edge_cases,0.11866666666666666,0.5593333333333333,4.713483146067416
test_int.py,IntStrDigitLimitsTests.test_power_of_two_bases_unlimited,0.11966666666666666,0.608,5.080779944289694
test_int.py,IntStrDigitLimitsTests.test_sign_not_counted,0.12,0.5573333333333333,4.644444444444445
test_int.py,IntStrDigitLimitsTests.test_underscores_ignored,0.11966666666666666,0.583,4.871866295264624
test_int.py,IntTestCases.test_basic,0.123,1.223,9.94308943089431
test_int.py,IntTestCases.test_int_base_bad_types,0.119,0.5686666666666667,4.778711484593837
test_int.py,IntTestCases.test_int_base_limits,0.122,0.6426666666666667,5.267759562841531
test_int.py,IntTestCases.test_invalid_signs,0.11933333333333333,0.581,4.868715083798882
test_int.py,IntTestCases.test_issue31619,0.11933333333333333,0.5543333333333333,4.645251396648045
test_int.py,IntTestCases.test_no_args,0.119,0.5663333333333334,4.759103641456583
test_int.py,IntTestCases.test_small_ints,0.118,0.554,4.694915254237289
test_int.py,IntTestCases.test_string_float,0.11933333333333333,0.5746666666666667,4.815642458100559
test_int.py,IntTestCases.test_unicode,0.11966666666666666,0.5683333333333334,4.749303621169917
test_int.py,PyLongModuleTests.test_pylong_int_divmod,0.123,0.563,4.5772357723577235
test_int.py,PyLongModuleTests.test_pylong_int_to_decimal,0.17,0.642,3.776470588235294
test_int.py,PyLongModuleTests.test_pylong_int_to_decimal_2,0.536,1.006,1.8768656716417909
test_int.py,PyLongModuleTests.test_pylong_str_to_int,0.12766666666666668,0.5806666666666667,4.548302872062663
test_operator.py,PyOperatorTestCase.test_abs,0.12033333333333333,0.572,4.753462603878116
test_operator.py,PyOperatorTestCase.test_add,0.11933333333333333,0.5683333333333334,4.762569832402235
test_operator.py,PyOperatorTestCase.test_bitwise_and,0.11933333333333333,0.5753333333333333,4.821229050279329
test_operator.py,PyOperatorTestCase.test_bitwise_or,0.12333333333333334,0.5763333333333333,4.672972972972972
test_operator.py,PyOperatorTestCase.test_bitwise_xor,0.12266666666666666,0.5646666666666667,4.603260869565218
test_operator.py,PyOperatorTestCase.test_call,0.12133333333333333,0.5803333333333333,4.782967032967032
test_operator.py,PyOperatorTestCase.test_concat,0.12233333333333334,0.5896666666666667,4.820163487738419
test_operator.py,PyOperatorTestCase.test_contains,0.12033333333333333,0.5713333333333334,4.747922437673131
test_operator.py,PyOperatorTestCase.test_countOf,0.11633333333333333,0.5913333333333333,5.083094555873925
test_operator.py,PyOperatorTestCase.test_delitem,0.11833333333333333,0.5683333333333334,4.802816901408451
test_operator.py,PyOperatorTestCase.test_floordiv,0.123,0.562,4.569105691056911
test_operator.py,PyOperatorTestCase.test_ge,0.12066666666666667,0.57,4.723756906077347
test_operator.py,PyOperatorTestCase.test_getitem,0.12233333333333334,0.5646666666666667,4.615803814713896
test_operator.py,PyOperatorTestCase.test_gt,0.122,0.5683333333333332,4.658469945355191
test_operator.py,PyOperatorTestCase.test_indexOf,0.121,0.611,5.049586776859504
test_operator.py,PyOperatorTestCase.test_invert,0.117,0.574,4.905982905982905
test_operator.py,PyOperatorTestCase.test_is,0.12166666666666666,0.554,4.553424657534247
test_operator.py,PyOperatorTestCase.test_is_not,0.11933333333333333,0.5736666666666667,4.807262569832402
test_operator.py,PyOperatorTestCase.test_le,0.12166666666666666,0.574,4.717808219178082
test_operator.py,PyOperatorTestCase.test_lshift,0.12066666666666666,0.5806666666666667,4.812154696132597
test_operator.py,PyOperatorTestCase.test_lt,0.12066666666666666,0.567,4.698895027624309
test_operator.py,PyOperatorTestCase.test_mod,0.12233333333333334,0.5696666666666667,4.656675749318801
test_operator.py,PyOperatorTestCase.test_mul,0.124,0.574,4.629032258064516
test_operator.py,PyOperatorTestCase.test_neg,0.11966666666666666,0.5686666666666667,4.752089136490251
test_operator.py,PyOperatorTestCase.test_pos,0.12066666666666666,0.5643333333333334,4.676795580110498
test_operator.py,PyOperatorTestCase.test_pow,0.12066666666666667,0.5836666666666667,4.837016574585635
test_operator.py,PyOperatorTestCase.test_rshift,0.12333333333333334,0.583,4.7270270270270265
test_operator.py,PyOperatorTestCase.test_setitem,0.12133333333333333,0.583,4.804945054945055
test_operator.py,PyOperatorTestCase.test_sub,0.12133333333333333,0.5736666666666667,4.728021978021978
test_operator.py,PyOperatorTestCase.test_truediv,0.11833333333333333,0.577,4.876056338028168
test_bool.py,BoolTest.test_boolean,0.11966666666666667,0.5643333333333334,4.715877437325905
test_bool.py,BoolTest.test_callable,0.12066666666666666,0.5619999999999999,4.657458563535911
test_bool.py,BoolTest.test_contains,0.11966666666666666,0.5553333333333333,4.64066852367688
test_bool.py,BoolTest.test_convert,0.121,0.5703333333333332,4.7134986225895315
test_bool.py,BoolTest.test_float,0.12133333333333333,0.5526666666666666,4.554945054945055
test_bool.py,BoolTest.test_format,0.122,0.5676666666666667,4.6530054644808745
test_bool.py,BoolTest.test_hasattr,0.12,0.5513333333333333,4.594444444444445
test_bool.py,BoolTest.test_int,0.122,0.5616666666666666,4.603825136612022
test_bool.py,BoolTest.test_isinstance,0.12166666666666666,0.5653333333333332,4.646575342465753
test_bool.py,BoolTest.test_issubclass,0.12133333333333333,0.5476666666666667,4.513736263736265
test_bool.py,BoolTest.test_operator,0.12233333333333334,0.5619999999999999,4.59400544959128
test_bool.py,BoolTest.test_real_and_imag,0.12233333333333334,0.567,4.634877384196185
test_bool.py,BoolTest.test_str,0.123,0.5626666666666666,4.574525745257453
test_bool.py,BoolTest.test_string,0.12166666666666666,0.563,4.627397260273972
test_bool.py,BoolTest.test_types,0.11866666666666667,0.557,4.693820224719102
test_set.py,TestBasicOpsBytes.test_copy,0.123,0.5763333333333333,4.685636856368563
test_set.py,TestBasicOpsBytes.test_empty_difference,0.12166666666666666,0.575,4.726027397260274
test_set.py,TestBasicOpsBytes.test_empty_difference_rev,0.12233333333333334,0.576,4.708446866485013
test_set.py,TestBasicOpsBytes.test_empty_intersection,0.11933333333333333,0.5763333333333333,4.829608938547485
test_set.py,TestBasicOpsBytes.test_empty_isdisjoint,0.122,0.5553333333333333,4.551912568306011
test_set.py,TestBasicOpsBytes.test_empty_symmetric_difference,0.12033333333333333,0.578,4.803324099722992
test_set.py,TestBasicOpsBytes.test_empty_union,0.12133333333333333,0.571,4.706043956043955
test_set.py,TestBasicOpsBytes.test_equivalent_equality,0.11933333333333333,0.557,4.667597765363129
test_set.py,TestBasicOpsBytes.test_intersection_empty,0.12133333333333333,0.573,4.722527472527472
test_set.py,TestBasicOpsBytes.test_isdisjoint_empty,0.121,0.5623333333333334,4.647382920110193
test_set.py,TestBasicOpsBytes.test_issue_37219,0.11966666666666666,0.575,4.805013927576602
test_set.py,TestBasicOpsBytes.test_length,0.119,0.5673333333333334,4.767507002801121
test_set.py,TestBasicOpsBytes.test_self_difference,0.12233333333333334,0.571,4.667574931880108
test_set.py,TestBasicOpsBytes.test_self_equality,0.121,0.572,4.727272727272727
test_set.py,TestBasicOpsBytes.test_self_intersection,0.11933333333333333,0.5716666666666667,4.790502793296089
test_set.py,TestBasicOpsBytes.test_self_isdisjoint,0.11833333333333333,0.564,4.766197183098591
test_set.py,TestBasicOpsBytes.test_self_symmetric_difference,0.11933333333333333,0.5696666666666667,4.773743016759776
test_set.py,TestBasicOpsBytes.test_self_union,0.12133333333333333,0.579,4.771978021978022
test_set.py,TestBasicOpsBytes.test_union_empty,0.12133333333333333,0.581,4.788461538461538
test_set.py,TestBasicOpsEmpty.test_copy,0.122,0.575,4.713114754098361
test_set.py,TestBasicOpsEmpty.test_empty_difference,0.12133333333333333,0.5643333333333334,4.6510989010989015
test_set.py,TestBasicOpsEmpty.test_empty_difference_rev,0.12133333333333333,0.5633333333333334,4.642857142857143
test_set.py,TestBasicOpsEmpty.test_empty_intersection,0.12133333333333333,0.5693333333333332,4.692307692307692
test_set.py,TestBasicOpsEmpty.test_empty_isdisjoint,0.12066666666666666,0.5666666666666667,4.696132596685083
test_set.py,TestBasicOpsEmpty.test_empty_symmetric_difference,0.11933333333333333,0.5696666666666667,4.773743016759776
test_set.py,TestBasicOpsEmpty.test_empty_union,0.117,0.5583333333333333,4.772079772079772
test_set.py,TestBasicOpsEmpty.test_equivalent_equality,0.12166666666666666,0.565,4.643835616438356
test_set.py,TestBasicOpsEmpty.test_intersection_empty,0.11766666666666667,0.5606666666666666,4.764872521246459
test_set.py,TestBasicOpsEmpty.test_isdisjoint_empty,0.119,0.5443333333333333,4.574229691876751
test_set.py,TestBasicOpsEmpty.test_issue_37219,0.11933333333333333,0.5733333333333333,4.804469273743016
test_set.py,TestBasicOpsEmpty.test_length,0.12166666666666666,0.5586666666666666,4.5917808219178085
test_set.py,TestBasicOpsEmpty.test_repr,0.12166666666666666,0.56,4.602739726027398
test_set.py,TestBasicOpsEmpty.test_self_difference,0.12066666666666666,0.5733333333333333,4.751381215469613
test_set.py,TestBasicOpsEmpty.test_self_equality,0.12066666666666667,0.5633333333333334,4.668508287292817
test_set.py,TestBasicOpsEmpty.test_self_intersection,0.122,0.5656666666666667,4.636612021857924
test_set.py,TestBasicOpsEmpty.test_self_isdisjoint,0.11966666666666666,0.5556666666666668,4.643454038997215
test_set.py,TestBasicOpsEmpty.test_self_symmetric_difference,0.12233333333333334,0.575,4.700272479564032
test_set.py,TestBasicOpsEmpty.test_self_union,0.11833333333333333,0.576,4.867605633802817
test_set.py,TestBasicOpsEmpty.test_union_empty,0.11933333333333333,0.58,4.860335195530726
test_set.py,TestBasicOpsMixedStringBytes.test_copy,0.12033333333333333,0.5676666666666667,4.717451523545706
test_set.py,TestBasicOpsMixedStringBytes.test_empty_difference,0.118,0.5756666666666667,4.878531073446328
test_set.py,TestBasicOpsMixedStringBytes.test_empty_difference_rev,0.11866666666666666,0.574,4.837078651685394
test_set.py,TestBasicOpsMixedStringBytes.test_empty_intersection,0.12033333333333333,0.5643333333333334,4.689750692520776
test_set.py,TestBasicOpsMixedStringBytes.test_empty_isdisjoint,0.11733333333333333,0.5576666666666668,4.75284090909091
test_set.py,TestBasicOpsMixedStringBytes.test_empty_symmetric_difference,0.121,0.557,4.603305785123967
test_set.py,TestBasicOpsMixedStringBytes.test_empty_union,0.12166666666666666,0.557,4.5780821917808225
test_set.py,TestBasicOpsMixedStringBytes.test_equivalent_equality,0.11733333333333333,0.5603333333333333,4.775568181818182
test_set.py,TestBasicOpsMixedStringBytes.test_intersection_empty,0.11933333333333333,0.5726666666666667,4.798882681564246
test_set.py,TestBasicOpsMixedStringBytes.test_isdisjoint_empty,0.11766666666666667,0.546,4.640226628895184
test_set.py,TestBasicOpsMixedStringBytes.test_issue_37219,0.12033333333333333,0.5763333333333333,4.789473684210526
test_set.py,TestBasicOpsMixedStringBytes.test_length,0.12033333333333333,0.5663333333333332,4.706371191135733
test_set.py,TestBasicOpsMixedStringBytes.test_self_difference,0.12166666666666666,0.584,4.8
test_set.py,TestBasicOpsMixedStringBytes.test_self_equality,0.12166666666666666,0.576,4.734246575342466
test_set.py,TestBasicOpsMixedStringBytes.test_self_intersection,0.12233333333333334,0.5776666666666667,4.722070844686648
test_set.py,TestBasicOpsMixedStringBytes.test_self_isdisjoint,0.12233333333333334,0.558,4.561307901907357
test_set.py,TestBasicOpsMixedStringBytes.test_self_symmetric_difference,0.12,0.5586666666666666,4.655555555555556
test_set.py,TestBasicOpsMixedStringBytes.test_self_union,0.12133333333333333,0.5776666666666667,4.760989010989011
test_set.py,TestBasicOpsMixedStringBytes.test_union_empty,0.12166666666666666,0.5613333333333334,4.6136986301369864
test_set.py,TestBasicOpsSingleton.test_copy,0.12033333333333333,0.5606666666666666,4.659279778393351
test_set.py,TestBasicOpsSingleton.test_empty_difference,0.12166666666666666,0.5696666666666667,4.682191780821918
test_set.py,TestBasicOpsSingleton.test_empty_difference_rev,0.11933333333333333,0.5793333333333333,4.854748603351955
test_set.py,TestBasicOpsSingleton.test_empty_intersection,0.12033333333333333,0.5636666666666666,4.684210526315789
test_set.py,TestBasicOpsSingleton.test_empty_isdisjoint,0.11833333333333333,0.545,4.605633802816902
test_set.py,TestBasicOpsSingleton.test_empty_symmetric_difference,0.12166666666666666,0.565,4.643835616438356
test_set.py,TestBasicOpsSingleton.test_empty_union,0.119,0.571,4.798319327731092
test_set.py,TestBasicOpsSingleton.test_equivalent_equality,0.12,0.548,4.566666666666667
test_set.py,TestBasicOpsSingleton.test_in,0.12133333333333333,0.554,4.565934065934067
test_set.py,TestBasicOpsSingleton.test_intersection_empty,0.12,0.5693333333333332,4.744444444444444
test_set.py,TestBasicOpsSingleton.test_isdisjoint_empty,0.12133333333333333,0.561,4.623626373626374
test_set.py,TestBasicOpsSingleton.test_issue_37219,0.12033333333333333,0.5673333333333332,4.714681440443212
test_set.py,TestBasicOpsSingleton.test_length,0.12133333333333333,0.5486666666666666,4.521978021978022
test_set.py,TestBasicOpsSingleton.test_not_in,0.12,0.5526666666666668,4.605555555555556
test_set.py,TestBasicOpsSingleton.test_repr,0.121,0.5606666666666666,4.633608815426998
test_set.py,TestBasicOpsSingleton.test_self_difference,0.12133333333333333,0.567,4.6730769230769225
test_set.py,TestBasicOpsSingleton.test_self_equality,0.11833333333333333,0.556,4.6985915492957755
test_set.py,TestBasicOpsSingleton.test_self_intersection,0.11800000000000001,0.5703333333333332,4.833333333333332
test_set.py,TestBasicOpsSingleton.test_self_isdisjoint,0.11766666666666667,0.556,4.7252124645892355
test_set.py,TestBasicOpsSingleton.test_self_symmetric_difference,0.119,0.5696666666666667,4.787114845938375
test_set.py,TestBasicOpsSingleton.test_self_union,0.11933333333333333,0.5746666666666667,4.815642458100559
test_set.py,TestBasicOpsSingleton.test_union_empty,0.11833333333333333,0.5783333333333333,4.887323943661971
test_set.py,TestBasicOpsString.test_copy,0.12166666666666666,0.572,4.701369863013698
test_set.py,TestBasicOpsString.test_empty_difference,0.119,0.5603333333333333,4.708683473389356
test_set.py,TestBasicOpsString.test_empty_difference_rev,0.12133333333333333,0.5746666666666667,4.736263736263736
test_set.py,TestBasicOpsString.test_empty_intersection,0.12133333333333333,0.5783333333333333,4.7664835164835155
test_set.py,TestBasicOpsString.test_empty_isdisjoint,0.122,0.558,4.5737704918032795
test_set.py,TestBasicOpsString.test_empty_symmetric_difference,0.118,0.5756666666666667,4.878531073446328
test_set.py,TestBasicOpsString.test_empty_union,0.12033333333333333,0.571,4.745152354570637
test_set.py,TestBasicOpsString.test_equivalent_equality,0.11900000000000001,0.5533333333333333,4.6498599439775905
test_set.py,TestBasicOpsString.test_intersection_empty,0.12033333333333333,0.5716666666666667,4.750692520775623
test_set.py,TestBasicOpsString.test_isdisjoint_empty,0.11966666666666667,0.5596666666666666,4.676880222841225
test_set.py,TestBasicOpsString.test_issue_37219,0.12,0.5716666666666667,4.763888888888889
test_set.py,TestBasicOpsString.test_length,0.11866666666666667,0.5599999999999999,4.719101123595505
test_set.py,TestBasicOpsString.test_self_difference,0.12033333333333333,0.5733333333333333,4.764542936288088
test_set.py,TestBasicOpsString.test_self_equality,0.12166666666666666,0.5633333333333334,4.630136986301371
test_set.py,TestBasicOpsString.test_self_intersection,0.12033333333333333,0.5843333333333333,4.85595567867036
test_set.py,TestBasicOpsString.test_self_isdisjoint,0.121,0.5503333333333333,4.548209366391185
test_set.py,TestBasicOpsString.test_self_symmetric_difference,0.11933333333333333,0.5706666666666667,4.782122905027933
test_set.py,TestBasicOpsString.test_self_union,0.12166666666666666,0.5663333333333334,4.654794520547946
test_set.py,TestBasicOpsString.test_union_empty,0.121,0.5633333333333334,4.655647382920111
test_set.py,TestBasicOpsTriple.test_copy,0.12066666666666666,0.5806666666666667,4.812154696132597
test_set.py,TestBasicOpsTriple.test_empty_difference,0.121,0.573,4.735537190082645
test_set.py,TestBasicOpsTriple.test_empty_difference_rev,0.121,0.571,4.7190082644628095
test_set.py,TestBasicOpsTriple.test_empty_intersection,0.121,0.5736666666666667,4.741046831955923
test_set.py,TestBasicOpsTriple.test_empty_isdisjoint,0.12233333333333334,0.5593333333333333,4.572207084468665
test_set.py,TestBasicOpsTriple.test_empty_symmetric_difference,0.12266666666666666,0.5743333333333334,4.682065217391305
test_set.py,TestBasicOpsTriple.test_empty_union,0.12066666666666666,0.579,4.798342541436464
test_set.py,TestBasicOpsTriple.test_equivalent_equality,0.122,0.576,4.721311475409836
test_set.py,TestBasicOpsTriple.test_intersection_empty,0.12233333333333334,0.5726666666666667,4.6811989100817435
test_set.py,TestBasicOpsTriple.test_isdisjoint_empty,0.11866666666666667,0.5573333333333333,4.696629213483146
test_set.py,TestBasicOpsTriple.test_issue_37219,0.12233333333333334,0.5693333333333334,4.653950953678474
test_set.py,TestBasicOpsTriple.test_length,0.122,0.5496666666666667,4.505464480874318
test_set.py,TestBasicOpsTriple.test_repr,0.12233333333333334,0.548,4.479564032697548
test_set.py,TestBasicOpsTriple.test_self_difference,0.121,0.5693333333333334,4.705234159779614
test_set.py,TestBasicOpsTriple.test_self_equality,0.11866666666666667,0.5756666666666667,4.851123595505618
test_set.py,TestBasicOpsTriple.test_self_intersection,0.11866666666666667,0.583,4.912921348314606
test_set.py,TestBasicOpsTriple.test_self_isdisjoint,0.12233333333333334,0.5553333333333333,4.539509536784741
test_set.py,TestBasicOpsTriple.test_self_symmetric_difference,0.11966666666666666,0.5706666666666667,4.768802228412256
test_set.py,TestBasicOpsTriple.test_self_union,0.11766666666666667,0.565,4.80169971671388
test_set.py,TestBasicOpsTriple.test_union_empty,0.11866666666666666,0.5763333333333333,4.856741573033708
test_set.py,TestBasicOpsTuple.test_copy,0.11966666666666667,0.5596666666666666,4.676880222841225
test_set.py,TestBasicOpsTuple.test_empty_difference,0.11933333333333333,0.5683333333333332,4.762569832402234
test_set.py,TestBasicOpsTuple.test_empty_difference_rev,0.11833333333333333,0.5733333333333333,4.845070422535211
test_set.py,TestBasicOpsTuple.test_empty_intersection,0.11933333333333333,0.5753333333333333,4.821229050279329
test_set.py,TestBasicOpsTuple.test_empty_isdisjoint,0.12366666666666666,0.5643333333333334,4.563342318059299
test_set.py,TestBasicOpsTuple.test_empty_symmetric_difference,0.12066666666666666,0.5766666666666667,4.779005524861879
test_set.py,TestBasicOpsTuple.test_empty_union,0.12,0.5793333333333333,4.8277777777777775
test_set.py,TestBasicOpsTuple.test_equivalent_equality,0.122,0.5723333333333332,4.691256830601092
test_set.py,TestBasicOpsTuple.test_in,0.12266666666666666,0.547,4.459239130434783
test_set.py,TestBasicOpsTuple.test_intersection_empty,0.121,0.5743333333333333,4.746556473829201
test_set.py,TestBasicOpsTuple.test_isdisjoint_empty,0.12066666666666666,0.5633333333333334,4.668508287292818
test_set.py,TestBasicOpsTuple.test_issue_37219,0.12133333333333333,0.569,4.689560439560439
test_set.py,TestBasicOpsTuple.test_length,0.123,0.5656666666666667,4.598915989159892
test_set.py,TestBasicOpsTuple.test_not_in,0.121,0.553,4.570247933884298
test_set.py,TestBasicOpsTuple.test_repr,0.12233333333333334,0.5633333333333334,4.604904632152588
test_set.py,TestBasicOpsTuple.test_self_difference,0.12133333333333333,0.5753333333333333,4.741758241758241
test_set.py,TestBasicOpsTuple.test_self_equality,0.121,0.5743333333333333,4.746556473829201
test_set.py,TestBasicOpsTuple.test_self_intersection,0.11800000000000001,0.576,4.881355932203389
test_set.py,TestBasicOpsTuple.test_self_isdisjoint,0.11966666666666666,0.5676666666666667,4.743732590529248
test_set.py,TestBasicOpsTuple.test_self_symmetric_difference,0.12166666666666666,0.5796666666666667,4.764383561643836
test_set.py,TestBasicOpsTuple.test_self_union,0.122,0.5723333333333334,4.691256830601093
test_set.py,TestBasicOpsTuple.test_union_empty,0.11966666666666667,0.5783333333333333,4.832869080779943
test_set.py,TestBinaryOps.test_eq,0.12066666666666666,0.568,4.707182320441989
test_set.py,TestBinaryOps.test_intersection_non_overlap,0.121,0.5793333333333333,4.787878787878787
test_set.py,TestBinaryOps.test_intersection_overlap,0.12033333333333333,0.5733333333333334,4.7645429362880884
test_set.py,TestBinaryOps.test_intersection_subset,0.12066666666666667,0.5736666666666667,4.754143646408839
test_set.py,TestBinaryOps.test_intersection_superset,0.12333333333333334,0.5660000000000001,4.58918918918919
test_set.py,TestBinaryOps.test_isdisjoint_non_overlap,0.12266666666666666,0.5616666666666666,4.578804347826087
test_set.py,TestBinaryOps.test_isdisjoint_overlap,0.12066666666666667,0.5603333333333333,4.643646408839779
test_set.py,TestBinaryOps.test_isdisjoint_subset,0.119,0.562,4.722689075630253
test_set.py,TestBinaryOps.test_isdisjoint_superset,0.119,0.5533333333333333,4.649859943977591
test_set.py,TestBinaryOps.test_sym_difference_non_overlap,0.12233333333333334,0.5773333333333333,4.719346049046321
test_set.py,TestBinaryOps.test_sym_difference_overlap,0.121,0.5736666666666667,4.741046831955923
test_set.py,TestBinaryOps.test_sym_difference_subset,0.11866666666666667,0.567,4.778089887640449
test_set.py,TestBinaryOps.test_sym_difference_superset,0.122,0.578,4.737704918032787
test_set.py,TestBinaryOps.test_union_non_overlap,0.11966666666666667,0.5693333333333334,4.757660167130919
test_set.py,TestBinaryOps.test_union_overlap,0.12133333333333333,0.583,4.804945054945055
test_set.py,TestBinaryOps.test_union_subset,0.12233333333333334,0.5693333333333334,4.653950953678474
test_set.py,TestBinaryOps.test_union_superset,0.11933333333333333,0.57,4.776536312849162
test_set.py,TestCopyingEmpty.test_copy,0.12233333333333334,0.5716666666666667,4.6730245231607626
test_set.py,TestCopyingNested.test_copy,0.119,0.5633333333333334,4.733893557422969
test_set.py,TestCopyingSingleton.test_copy,0.12166666666666666,0.565,4.643835616438356
test_set.py,TestCopyingTriple.test_copy,0.12066666666666666,0.5626666666666666,4.662983425414365
test_set.py,TestCopyingTuple.test_copy,0.121,0.5586666666666666,4.6170798898071626
test_set.py,TestExceptionPropagation.test_instanceWithException,0.12133333333333333,0.5613333333333334,4.626373626373627
test_set.py,TestExceptionPropagation.test_instancesWithoutException,0.11966666666666667,0.5516666666666667,4.610027855153204
test_set.py,TestFrozenSet.test_and,0.11966666666666667,0.6043333333333333,5.050139275766016
test_set.py,TestFrozenSet.test_contains,0.121,0.8033333333333333,6.639118457300276
test_set.py,TestFrozenSet.test_difference,0.119,0.9833333333333333,8.26330532212885
test_set.py,TestFrozenSet.test_equality,0.12,0.577,4.808333333333334
test_set.py,TestFrozenSet.test_init,0.11933333333333333,0.5523333333333333,4.628491620111732
test_set.py,TestFrozenSet.test_isdisjoint,0.12133333333333333,5.138,42.34615384615385
test_set.py,TestFrozenSet.test_len,0.12166666666666666,0.5483333333333333,4.506849315068494
test_set.py,TestFrozenSet.test_or,0.122,0.6023333333333333,4.937158469945355
test_set.py,TestFrozenSet.test_setOfFrozensets,0.11966666666666667,0.5566666666666668,4.651810584958218
test_set.py,TestFrozenSet.test_sub,0.11966666666666667,0.5803333333333333,4.8495821727019495
test_set.py,TestFrozenSet.test_sub_and_super,0.11800000000000001,0.5683333333333332,4.816384180790959
test_set.py,TestFrozenSet.test_symmetric_difference,0.119,0.8923333333333333,7.49859943977591
test_set.py,TestFrozenSet.test_union,0.116,1.0336666666666667,8.910919540229886
test_set.py,TestFrozenSet.test_uniquification,0.11666666666666667,0.5650000000000001,4.842857142857143
test_set.py,TestFrozenSet.test_xor,0.117,0.5863333333333333,5.011396011396011
test_set.py,TestFrozenSetSubclass.test_and,0.11766666666666667,0.585,4.971671388101982
test_set.py,TestFrozenSetSubclass.test_constructor_identity,0.11733333333333333,0.5393333333333333,4.596590909090909
test_set.py,TestFrozenSetSubclass.test_difference,0.11666666666666667,1.0116666666666667,8.67142857142857
test_set.py,TestFrozenSetSubclass.test_equality,0.11966666666666667,0.578,4.83008356545961
test_set.py,TestFrozenSetSubclass.test_init,0.117,0.5606666666666666,4.792022792022792
test_set.py,TestFrozenSetSubclass.test_isdisjoint,0.12033333333333333,5.5183333333333335,45.85872576177285
test_set.py,TestFrozenSetSubclass.test_len,0.121,0.5636666666666666,4.658402203856749
test_set.py,TestFrozenSetSubclass.test_nested_empty_constructor,0.11866666666666667,0.5630000000000001,4.74438202247191
test_set.py,TestFrozenSetSubclass.test_or,0.12,0.591,4.925
test_set.py,TestFrozenSetSubclass.test_setOfFrozensets,0.11933333333333333,0.5623333333333334,4.712290502793296
test_set.py,TestFrozenSetSubclass.test_sub,0.12133333333333333,0.5883333333333333,4.8489010989010985
test_set.py,TestFrozenSetSubclass.test_sub_and_super,0.11933333333333333,0.572,4.793296089385475
test_set.py,TestFrozenSetSubclass.test_symmetric_difference,0.122,0.9286666666666666,7.612021857923497
test_set.py,TestFrozenSetSubclass.test_union,0.12033333333333333,1.081,8.983379501385041
test_set.py,TestFrozenSetSubclass.test_uniquification,0.12,0.5713333333333332,4.76111111111111
test_set.py,TestFrozenSetSubclass.test_xor,0.12166666666666666,0.5863333333333333,4.8191780821917805
test_set.py,TestGraphs.test_cube,0.11800000000000001,1.0533333333333332,8.926553672316382
test_set.py,TestIdentities.test_binopsVsSubsets,0.122,0.601,4.926229508196721
test_set.py,TestIdentities.test_commutativity,0.11766666666666667,0.6206666666666667,5.274787535410765
test_set.py,TestIdentities.test_exclusion,0.12166666666666666,0.6033333333333333,4.958904109589041
test_set.py,TestIdentities.test_summations,0.11766666666666667,0.8283333333333334,7.039660056657224
test_set.py,TestMutate.test_add_absent,0.11966666666666666,0.5686666666666667,4.752089136490251
test_set.py,TestMutate.test_add_present,0.119,0.558,4.689075630252101
test_set.py,TestMutate.test_add_until_full,0.11666666666666667,0.5656666666666667,4.848571428571429
test_set.py,TestMutate.test_clear,0.12,0.5593333333333333,4.661111111111111
test_set.py,TestMutate.test_discard_absent,0.12033333333333333,0.5653333333333334,4.698060941828255
test_set.py,TestMutate.test_discard_present,0.11800000000000001,0.5646666666666667,4.785310734463277
test_set.py,TestMutate.test_pop,0.117,0.5583333333333333,4.772079772079772
test_set.py,TestMutate.test_remove_absent,0.11966666666666667,0.536,4.479108635097493
test_set.py,TestMutate.test_remove_present,0.11866666666666667,0.5543333333333333,4.671348314606742
test_set.py,TestMutate.test_remove_until_empty,0.121,0.559,4.6198347107438025
test_set.py,TestMutate.test_update_empty_tuple,0.117,0.5766666666666667,4.928774928774929
test_set.py,TestMutate.test_update_unit_tuple_non_overlap,0.12066666666666666,0.573,4.748618784530387
test_set.py,TestMutate.test_update_unit_tuple_overlap,0.12166666666666666,0.5756666666666667,4.7315068493150685
test_set.py,TestOnlySetsDict.test_difference,0.119,0.5713333333333334,4.801120448179272
test_set.py,TestOnlySetsDict.test_difference_update,0.11866666666666667,0.5646666666666667,4.758426966292134
test_set.py,TestOnlySetsDict.test_difference_update_operator,0.11833333333333333,0.5446666666666667,4.602816901408452
test_set.py,TestOnlySetsDict.test_eq_ne,0.12166666666666666,0.5673333333333334,4.663013698630137
test_set.py,TestOnlySetsDict.test_ge_gt_le_lt,0.119,0.6973333333333332,5.859943977591036
test_set.py,TestOnlySetsDict.test_intersection,0.11833333333333333,0.5803333333333333,4.904225352112675
test_set.py,TestOnlySetsDict.test_intersection_update,0.119,0.569,4.781512605042017
test_set.py,TestOnlySetsDict.test_intersection_update_operator,0.121,0.5553333333333333,4.589531680440771
test_set.py,TestOnlySetsDict.test_sym_difference,0.121,0.5630000000000001,4.652892561983472
test_set.py,TestOnlySetsDict.test_sym_difference_update,0.11800000000000001,0.5646666666666667,4.785310734463277
test_set.py,TestOnlySetsDict.test_sym_difference_update_operator,0.11966666666666667,0.5476666666666667,4.576601671309192
test_set.py,TestOnlySetsDict.test_union,0.12133333333333333,0.5676666666666667,4.678571428571429
test_set.py,TestOnlySetsDict.test_update,0.12066666666666666,0.5596666666666666,4.638121546961326
test_set.py,TestOnlySetsDict.test_update_operator,0.12133333333333333,0.5496666666666667,4.530219780219781
test_set.py,TestOnlySetsGenerator.test_difference_update_operator,0.11766666666666667,0.5516666666666667,4.688385269121814
test_set.py,TestOnlySetsGenerator.test_eq_ne,0.12033333333333333,0.565,4.695290858725762
test_set.py,TestOnlySetsGenerator.test_intersection_update_operator,0.12066666666666666,0.5476666666666667,4.538674033149173
test_set.py,TestOnlySetsGenerator.test_sym_difference_update_operator,0.121,0.5556666666666668,4.592286501377411
test_set.py,TestOnlySetsGenerator.test_update_operator,0.12033333333333333,0.56,4.6537396121883665
test_set.py,TestOnlySetsNumeric.test_difference,0.11666666666666667,0.5596666666666666,4.797142857142857
test_set.py,TestOnlySetsNumeric.test_difference_update,0.11933333333333333,0.5496666666666667,4.606145251396649
test_set.py,TestOnlySetsNumeric.test_difference_update_operator,0.12,0.5486666666666667,4.572222222222223
test_set.py,TestOnlySetsNumeric.test_eq_ne,0.11833333333333333,0.5563333333333333,4.701408450704226
test_set.py,TestOnlySetsNumeric.test_ge_gt_le_lt,0.121,0.594,4.909090909090909
test_set.py,TestOnlySetsNumeric.test_intersection,0.12033333333333333,0.575,4.7783933518005535
test_set.py,TestOnlySetsNumeric.test_intersection_update,0.121,0.566,4.677685950413223
test_set.py,TestOnlySetsNumeric.test_intersection_update_operator,0.121,0.5426666666666667,4.484848484848485
test_set.py,TestOnlySetsNumeric.test_sym_difference,0.12166666666666666,0.5703333333333334,4.6876712328767125
test_set.py,TestOnlySetsNumeric.test_sym_difference_update,0.122,0.5603333333333333,4.592896174863388
test_set.py,TestOnlySetsNumeric.test_sym_difference_update_operator,0.12133333333333333,0.549,4.524725274725275
test_set.py,TestOnlySetsNumeric.test_union,0.119,0.569,4.781512605042017
test_set.py,TestOnlySetsNumeric.test_update,0.11833333333333333,0.5656666666666667,4.780281690140845
test_set.py,TestOnlySetsNumeric.test_update_operator,0.12166666666666666,0.5523333333333333,4.53972602739726
test_set.py,TestOnlySetsOperator.test_difference,0.11800000000000001,0.553,4.686440677966102
test_set.py,TestOnlySetsOperator.test_difference_update,0.122,0.565,4.631147540983606
test_set.py,TestOnlySetsOperator.test_difference_update_operator,0.119,0.5473333333333333,4.599439775910365
test_set.py,TestOnlySetsOperator.test_eq_ne,0.12133333333333333,0.552,4.54945054945055
test_set.py,TestOnlySetsOperator.test_ge_gt_le_lt,0.11933333333333333,0.5946666666666667,4.983240223463687
test_set.py,TestOnlySetsOperator.test_intersection,0.11833333333333333,0.569,4.8084507042253515
test_set.py,TestOnlySetsOperator.test_intersection_update,0.12,0.5656666666666667,4.713888888888889
test_set.py,TestOnlySetsOperator.test_intersection_update_operator,0.12066666666666666,0.5406666666666667,4.4806629834254155
test_set.py,TestOnlySetsOperator.test_sym_difference,0.11733333333333333,0.5693333333333332,4.852272727272727
test_set.py,TestOnlySetsOperator.test_sym_difference_update,0.12133333333333333,0.5576666666666666,4.596153846153846
test_set.py,TestOnlySetsOperator.test_sym_difference_update_operator,0.11966666666666666,0.5553333333333333,4.64066852367688
test_set.py,TestOnlySetsOperator.test_union,0.11933333333333333,0.575,4.818435754189943
test_set.py,TestOnlySetsOperator.test_update,0.12066666666666666,0.559,4.6325966850828735
test_set.py,TestOnlySetsOperator.test_update_operator,0.11666666666666667,0.551,4.722857142857143
test_set.py,TestOnlySetsString.test_difference_update_operator,0.117,0.559,4.777777777777778
test_set.py,TestOnlySetsString.test_eq_ne,0.122,0.5756666666666667,4.718579234972678
test_set.py,TestOnlySetsString.test_ge_gt_le_lt,0.121,0.5946666666666667,4.914600550964187
test_set.py,TestOnlySetsString.test_intersection,0.121,0.5833333333333333,4.8209366391184565
test_set.py,TestOnlySetsString.test_intersection_update,0.11833333333333333,0.5693333333333332,4.811267605633802
test_set.py,TestOnlySetsString.test_intersection_update_operator,0.12033333333333333,0.56,4.6537396121883665
test_set.py,TestOnlySetsString.test_sym_difference_update_operator,0.12166666666666666,0.5506666666666666,4.526027397260274
test_set.py,TestOnlySetsString.test_union,0.11933333333333333,0.572,4.793296089385475
test_set.py,TestOnlySetsString.test_update,0.12133333333333333,0.5506666666666667,4.538461538461539
test_set.py,TestOnlySetsString.test_update_operator,0.12133333333333333,0.546,4.5
test_set.py,TestOnlySetsTuple.test_difference,0.121,0.5766666666666667,4.765840220385675
test_set.py,TestOnlySetsTuple.test_difference_update,0.12066666666666666,0.5653333333333334,4.685082872928177
test_set.py,TestOnlySetsTuple.test_difference_update_operator,0.11666666666666667,0.5613333333333334,4.811428571428571
test_set.py,TestOnlySetsTuple.test_eq_ne,0.12133333333333333,0.564,4.648351648351648
test_set.py,TestOnlySetsTuple.test_ge_gt_le_lt,0.121,0.5926666666666667,4.898071625344353
test_set.py,TestOnlySetsTuple.test_intersection,0.11666666666666667,0.5886666666666667,5.045714285714285
test_set.py,TestOnlySetsTuple.test_intersection_update,0.119,0.5613333333333334,4.717086834733894
test_set.py,TestOnlySetsTuple.test_intersection_update_operator,0.12066666666666666,0.5493333333333333,4.552486187845305
test_set.py,TestOnlySetsTuple.test_sym_difference,0.12133333333333333,0.5636666666666666,4.645604395604395
test_set.py,TestOnlySetsTuple.test_sym_difference_update,0.12166666666666666,0.5613333333333334,4.6136986301369864
test_set.py,TestOnlySetsTuple.test_sym_difference_update_operator,0.11866666666666667,0.5576666666666668,4.699438202247191
test_set.py,TestOnlySetsTuple.test_union,0.12166666666666666,0.5846666666666667,4.8054794520547945
test_set.py,TestOnlySetsTuple.test_update,0.11833333333333333,0.5583333333333333,4.71830985915493
test_set.py,TestOnlySetsTuple.test_update_operator,0.118,0.5583333333333333,4.731638418079096
test_set.py,TestSet.test_add,0.11833333333333333,0.5723333333333334,4.836619718309859
test_set.py,TestSet.test_and,0.12,0.5936666666666667,4.947222222222223
test_set.py,TestSet.test_clear,0.122,0.574,4.704918032786885
test_set.py,TestSet.test_difference,0.118,1.1219999999999999,9.508474576271187
test_set.py,TestSet.test_difference_update,0.11833333333333333,2.0926666666666667,17.68450704225352
test_set.py,TestSet.test_equality,0.12033333333333333,0.5773333333333333,4.797783933518005
test_set.py,TestSet.test_iand,0.12233333333333334,0.5713333333333334,4.670299727520436
test_set.py,TestSet.test_init,0.11966666666666667,0.5923333333333333,4.949860724233982
test_set.py,TestSet.test_inplace_on_self,0.12133333333333333,0.611,5.035714285714286
test_set.py,TestSet.test_intersection_update,0.121,1.5656666666666665,12.93939393939394
test_set.py,TestSet.test_ior,0.11966666666666666,0.555,4.637883008356547
test_set.py,TestSet.test_isdisjoint,0.121,5.074333333333334,41.9366391184573
test_set.py,TestSet.test_isub,0.11800000000000001,0.5703333333333334,4.833333333333333
test_set.py,TestSet.test_ixor,0.12066666666666666,0.5723333333333332,4.7430939226519335
test_set.py,TestSet.test_len,0.12033333333333333,0.5643333333333334,4.689750692520776
test_set.py,TestSet.test_or,0.12233333333333334,0.6023333333333333,4.923705722070844
test_set.py,TestSet.test_pop,0.12066666666666667,0.57,4.723756906077347
test_set.py,TestSet.test_remove_keyerror_set,0.12033333333333333,0.5576666666666668,4.634349030470915
test_set.py,TestSet.test_remove_keyerror_unpacking,0.11866666666666667,0.567,4.778089887640449
test_set.py,TestSet.test_setOfFrozensets,0.12066666666666666,0.5626666666666666,4.662983425414365
test_set.py,TestSet.test_set_literal,0.12033333333333333,0.5736666666666667,4.767313019390581
test_set.py,TestSet.test_set_literal_evaluation_order,0.11733333333333333,0.5483333333333333,4.673295454545455
test_set.py,TestSet.test_set_literal_insertion_order,0.12166666666666666,0.5683333333333332,4.671232876712328
test_set.py,TestSet.test_sub,0.12033333333333333,0.5793333333333333,4.814404432132964
test_set.py,TestSet.test_sub_and_super,0.122,0.578,4.737704918032787
test_set.py,TestSet.test_symmetric_difference,0.12166666666666666,0.995,8.178082191780822
test_set.py,TestSet.test_symmetric_difference_update,0.12066666666666666,0.9763333333333333,8.091160220994475
test_set.py,TestSet.test_union,0.122,1.2043333333333333,9.871584699453551
test_set.py,TestSet.test_uniquification,0.12066666666666666,0.5796666666666667,4.803867403314918
test_set.py,TestSet.test_update,0.119,1.3633333333333333,11.456582633053221
test_set.py,TestSet.test_xor,0.11633333333333334,0.5776666666666667,4.965616045845271
test_set.py,TestSetOfSets.test_constructor,0.121,0.5513333333333333,4.556473829201102
test_set.py,TestSetSubclass.test_add,0.12066666666666666,0.5726666666666667,4.745856353591161
test_set.py,TestSetSubclass.test_and,0.119,0.5906666666666667,4.96358543417367
test_set.py,TestSetSubclass.test_clear,0.11766666666666667,0.5613333333333334,4.770538243626063
test_set.py,TestSetSubclass.test_constructor_identity,0.11933333333333333,0.5556666666666668,4.656424581005587
test_set.py,TestSetSubclass.test_difference,0.117,1.1436666666666666,9.774928774928775
test_set.py,TestSetSubclass.test_difference_update,0.12166666666666666,1.524,12.526027397260275
test_set.py,TestSetSubclass.test_equality,0.12133333333333333,0.584,4.813186813186813
test_set.py,TestSetSubclass.test_iand,0.12,0.5823333333333333,4.852777777777777
test_set.py,TestSetSubclass.test_init,0.12066666666666666,0.5786666666666667,4.795580110497238
test_set.py,TestSetSubclass.test_inplace_on_self,0.12,0.5946666666666667,4.955555555555556
test_set.py,TestSetSubclass.test_intersection_update,0.12166666666666666,1.4173333333333333,11.649315068493152
test_set.py,TestSetSubclass.test_ior,0.116,0.5676666666666667,4.893678160919539
test_set.py,TestSetSubclass.test_isdisjoint,0.12,5.451666666666666,45.43055555555555
test_set.py,TestSetSubclass.test_isub,0.121,0.573,4.735537190082645
test_set.py,TestSetSubclass.test_ixor,0.11933333333333333,0.5706666666666667,4.782122905027933
test_set.py,TestSetSubclass.test_len,0.12133333333333333,0.5626666666666666,4.637362637362637
test_set.py,TestSetSubclass.test_or,0.12166666666666666,0.5853333333333333,4.810958904109588
test_set.py,TestSetSubclass.test_pop,0.12133333333333333,0.5713333333333332,4.708791208791208
test_set.py,TestSetSubclass.test_remove_keyerror_set,0.12066666666666666,0.547,4.533149171270719
test_set.py,TestSetSubclass.test_remove_keyerror_unpacking,0.11933333333333333,0.5696666666666667,4.773743016759776
test_set.py,TestSetSubclass.test_setOfFrozensets,0.12166666666666666,0.5606666666666666,4.608219178082192
test_set.py,TestSetSubclass.test_set_literal,0.122,0.5626666666666666,4.612021857923497
test_set.py,TestSetSubclass.test_set_literal_evaluation_order,0.121,0.5613333333333334,4.639118457300276
test_set.py,TestSetSubclass.test_set_literal_insertion_order,0.122,0.5716666666666667,4.685792349726776
test_set.py,TestSetSubclass.test_sub,0.11800000000000001,0.5986666666666667,5.073446327683616
test_set.py,TestSetSubclass.test_sub_and_super,0.11933333333333333,0.58,4.860335195530726
test_set.py,TestSetSubclass.test_symmetric_difference,0.122,1.0173333333333334,8.338797814207652
test_set.py,TestSetSubclass.test_symmetric_difference_update,0.12,0.885,7.375
test_set.py,TestSetSubclass.test_union,0.12133333333333333,1.2136666666666667,10.002747252747252
test_set.py,TestSetSubclass.test_uniquification,0.11733333333333333,0.5653333333333332,4.8181818181818175
test_set.py,TestSetSubclass.test_update,0.12233333333333334,1.2053333333333334,9.852861035422343
test_set.py,TestSetSubclass.test_xor,0.119,0.599,5.033613445378151
test_set.py,TestUpdateOps.test_difference_method_call,0.122,0.574,4.704918032786885
test_set.py,TestUpdateOps.test_difference_non_overlap,0.11966666666666667,0.5683333333333332,4.749303621169916
test_set.py,TestUpdateOps.test_difference_overlap,0.12233333333333334,0.5703333333333334,4.662125340599455
test_set.py,TestUpdateOps.test_difference_subset,0.12133333333333333,0.5706666666666667,4.7032967032967035
test_set.py,TestUpdateOps.test_difference_superset,0.122,0.575,4.713114754098361
test_set.py,TestUpdateOps.test_intersection_method_call,0.12033333333333333,0.5783333333333333,4.806094182825484
test_set.py,TestUpdateOps.test_intersection_non_overlap,0.12166666666666666,0.572,4.701369863013698
test_set.py,TestUpdateOps.test_intersection_overlap,0.11966666666666666,0.573,4.788300835654596
test_set.py,TestUpdateOps.test_intersection_subset,0.11933333333333333,0.5706666666666667,4.782122905027933
test_set.py,TestUpdateOps.test_intersection_superset,0.12033333333333333,0.5643333333333334,4.689750692520776
test_set.py,TestUpdateOps.test_sym_difference_method_call,0.11666666666666667,0.589,5.048571428571428
test_set.py,TestUpdateOps.test_sym_difference_non_overlap,0.11933333333333333,0.577,4.835195530726256
test_set.py,TestUpdateOps.test_sym_difference_overlap,0.11666666666666667,0.576,4.937142857142857
test_set.py,TestUpdateOps.test_sym_difference_subset,0.12166666666666666,0.5733333333333333,4.712328767123287
test_set.py,TestUpdateOps.test_sym_difference_superset,0.12066666666666666,0.5726666666666667,4.745856353591161
test_set.py,TestUpdateOps.test_union_method_call,0.12133333333333333,0.57,4.697802197802197
test_set.py,TestUpdateOps.test_union_non_overlap,0.12166666666666666,0.568,4.668493150684931
test_set.py,TestUpdateOps.test_union_overlap,0.122,0.576,4.721311475409836
test_set.py,TestUpdateOps.test_union_subset,0.12066666666666666,0.5736666666666667,4.75414364640884
test_set.py,TestUpdateOps.test_union_superset,0.11666666666666667,0.5563333333333333,4.768571428571429
test_set.py,TestWeirdBugs.test_iter_and_mutate,0.116,0.5486666666666667,4.7298850574712645
test_baseexception.py,ExceptionClassTests.test_builtins_new_style,0.11766666666666667,0.5363333333333333,4.558073654390935
test_contextlib.py,ContextManagerTestCase.test_contextmanager_except,0.116,0.5586666666666666,4.816091954022988
test_contextlib.py,ContextManagerTestCase.test_contextmanager_finally,0.12,0.5616666666666668,4.680555555555556
test_contextlib.py,ContextManagerTestCase.test_contextmanager_no_reraise,0.11766666666666667,0.5386666666666667,4.577903682719548
test_contextlib.py,ContextManagerTestCase.test_contextmanager_non_normalised,0.119,0.5606666666666666,4.711484593837535
test_contextlib.py,ContextManagerTestCase.test_contextmanager_plain,0.12066666666666666,0.567,4.698895027624309
test_contextlib.py,ContextManagerTestCase.test_contextmanager_trap_no_yield,0.12,0.5633333333333334,4.694444444444445
test_contextlib.py,ContextManagerTestCase.test_keywords,0.12166666666666666,0.569,4.676712328767123
test_contextlib.py,ContextManagerTestCase.test_recursive,0.122,0.5963333333333333,4.887978142076502
test_contextlib.py,TestContextDecorator.test_contextdecorator,0.12233333333333334,0.568,4.6430517711171655
test_contextlib.py,TestContextDecorator.test_contextmanager_as_decorator,0.12166666666666666,0.5746666666666667,4.723287671232877
test_contextlib.py,TestContextDecorator.test_decorator,0.12133333333333333,0.5703333333333332,4.70054945054945
test_contextlib.py,TestContextDecorator.test_instance_docs,0.122,0.548,4.491803278688525
test_collections.py,TestChainMap.test_bool,0.12133333333333333,0.5563333333333333,4.585164835164835
test_collections.py,TestChainMap.test_constructor,0.12233333333333334,0.569,4.651226158038146
test_collections.py,TestChainMap.test_dict_coercion,0.12066666666666666,0.5793333333333334,4.801104972375692
test_collections.py,TestChainMap.test_iter_not_calling_getitem_on_maps,0.119,0.57,4.7899159663865545
test_collections.py,TestChainMap.test_missing,0.118,0.5619999999999999,4.762711864406779
test_collections.py,TestChainMap.test_new_child,0.11833333333333333,0.7066666666666667,5.971830985915493
test_collections.py,TestChainMap.test_order_preservation,0.11966666666666667,0.5913333333333333,4.94150417827298
test_collections.py,TestChainMap.test_ordering,0.118,0.5763333333333333,4.8841807909604515
test_collections.py,TestCollectionABCs.test_Mapping,0.11833333333333333,0.6566666666666667,5.549295774647888
test_collections.py,TestCollectionABCs.test_MutableMapping,0.11933333333333333,0.606,5.078212290502793
test_collections.py,TestCollectionABCs.test_MutableMapping_subclass,0.12066666666666666,0.5993333333333333,4.966850828729282
test_collections.py,TestCollectionABCs.test_MutableSequence_mixins,0.119,0.5616666666666666,4.719887955182073
test_collections.py,TestCollectionABCs.test_MutableSet,0.12066666666666666,0.6223333333333333,5.157458563535911
test_collections.py,TestCollectionABCs.test_Sequence_mixins,0.12366666666666666,0.5726666666666667,4.630727762803235
test_collections.py,TestCollectionABCs.test_Set,0.12166666666666666,0.6623333333333333,5.443835616438356
test_collections.py,TestCollectionABCs.test_Set_from_iterable,0.12066666666666666,0.5736666666666667,4.75414364640884
test_collections.py,TestCollectionABCs.test_Set_interoperability_with_real_sets,0.12066666666666666,0.5773333333333333,4.7845303867403315
test_collections.py,TestCollectionABCs.test_arithmetic_Set,0.121,0.5616666666666666,4.641873278236915
test_collections.py,TestCollectionABCs.test_equality_Set,0.12033333333333333,0.5683333333333332,4.722991689750692
test_collections.py,TestCollectionABCs.test_isdisjoint_Set,0.12233333333333334,0.5746666666666667,4.697547683923705
test_collections.py,TestCollectionABCs.test_issue16373,0.11966666666666666,0.558,4.662952646239555
test_collections.py,TestCollectionABCs.test_issue26915,0.11933333333333333,0.5666666666666667,4.748603351955307
test_collections.py,TestCollectionABCs.test_issue8750,0.12133333333333333,0.607,5.002747252747253
test_collections.py,TestCollectionABCs.test_issue_4920,0.12233333333333334,0.5656666666666667,4.623978201634877
test_collections.py,TestCollectionABCs.test_issue_5647,0.12266666666666666,0.5853333333333333,4.771739130434782
test_collections.py,TestCounter.test_copy_subclass,0.12233333333333334,0.5646666666666667,4.615803814713896
test_collections.py,TestCounter.test_eq,0.123,0.58,4.715447154471544
test_collections.py,TestCounter.test_ge,0.12033333333333333,0.5836666666666667,4.850415512465374
test_collections.py,TestCounter.test_gt,0.12066666666666666,0.5876666666666667,4.870165745856354
test_collections.py,TestCounter.test_helper_function,0.12266666666666666,0.605,4.932065217391305
test_collections.py,TestCounter.test_invariant_for_the_in_operator,0.12,0.557,4.6416666666666675
test_collections.py,TestCounter.test_le,0.12,0.5753333333333333,4.794444444444444
test_collections.py,TestCounter.test_lt,0.11866666666666666,0.577,4.862359550561798
test_collections.py,TestCounter.test_total,0.12066666666666666,0.5663333333333334,4.693370165745857
test_collections.py,TestCounter.test_unary,0.12,0.5856666666666667,4.8805555555555555
test_collections.py,TestNamedTuple.test_field_doc_reuse,0.12133333333333333,0.549,4.524725274725275
test_collections.py,TestNamedTuple.test_keyword_only_arguments,0.121,0.5623333333333334,4.647382920110193
test_collections.py,TestNamedTuple.test_match_args,0.12133333333333333,0.56,4.615384615384616
test_collections.py,TestNamedTuple.test_module_parameter,0.12266666666666666,0.553,4.508152173913044
test_collections.py,TestNamedTuple.test_name_fixer,0.12,0.5666666666666667,4.722222222222222
test_collections.py,TestNamedTuple.test_namedtuple_subclass_issue_24931,0.12133333333333333,0.5573333333333333,4.593406593406593
test_collections.py,TestNamedTuple.test_new_builtins_issue_43102,0.11833333333333333,0.5723333333333332,4.8366197183098585
test_collections.py,TestNamedTuple.test_odd_sizes,0.122,0.599,4.909836065573771
test_collections.py,TestOneTrickPonyABCs.test_Callable,0.12233333333333334,0.6306666666666667,5.155313351498638
test_collections.py,TestOneTrickPonyABCs.test_Generator,0.122,0.744,6.098360655737705
test_collections.py,TestOneTrickPonyABCs.test_direct_subclassing,0.12066666666666666,0.5546666666666668,4.596685082872929
test_collections.py,TestOneTrickPonyABCs.test_registration,0.12,0.5483333333333333,4.569444444444445
test_collections.py,TestUserObjects.test_dict_missing,0.12066666666666666,0.559,4.6325966850828735
test_collections.py,TestUserObjects.test_dict_protocol,0.121,0.562,4.644628099173555
test_collections.py,TestUserObjects.test_list_protocol,0.121,0.576,4.760330578512397
test_collections.py,TestUserObjects.test_str_protocol,0.11833333333333333,0.5763333333333333,4.870422535211267
test_sort.py,TestDecorateSortUndecorate.test_key_with_exception,0.117,0.555,4.743589743589744
test_sort.py,TestOptimizedCompares.test_none_in_tuples,0.116,0.559,4.81896551724138
test_cmath.py,CMathTests.test_constants,0.0,0.441,
test_cmath.py,CMathTests.test_infinity_and_nan_constants,0.0,0.4766666666666666,
test_sys.py,ActiveExceptionTests.test_exc_info_no_exception,0.122,0.5676666666666667,4.6530054644808745
test_sys.py,ActiveExceptionTests.test_exc_info_with_exception_instance,0.11966666666666667,0.5646666666666667,4.718662952646239
test_sys.py,ActiveExceptionTests.test_exc_info_with_exception_type,0.12166666666666666,0.5546666666666668,4.558904109589042
test_sys.py,ActiveExceptionTests.test_sys_exception_no_exception,0.12033333333333333,0.5583333333333333,4.639889196675901
test_sys.py,ActiveExceptionTests.test_sys_exception_with_exception_instance,0.12166666666666666,0.5633333333333334,4.630136986301371
test_sys.py,ActiveExceptionTests.test_sys_exception_with_exception_type,0.119,0.554,4.65546218487395
test_sys.py,SysModuleTest.test_43581,0.12166666666666666,0.5606666666666666,4.608219178082192
test_sys.py,SysModuleTest.test__enablelegacywindowsfsencoding,0.0,0.1366666666666667,
test_sys.py,SysModuleTest.test_disable_gil_abi,0.122,0.5573333333333333,4.568306010928962
test_sys.py,SysModuleTest.test_emscripten_info,0.0,0.135,
test_sys.py,SysModuleTest.test_getandroidapilevel,0.0,0.137,
test_sys.py,SysModuleTest.test_getobjects,0.0,0.136,
test_sys.py,SysModuleTest.test_implementation,0.122,0.5753333333333333,4.715846994535519
test_sys.py,SysModuleTest.test_ioencoding_nonascii,0.0,0.1376666666666667,
test_sys.py,SysModuleTest.test_module_names,0.12166666666666666,0.6056666666666667,4.978082191780822
test_sys.py,SysModuleTest.test_pystats,0.0,0.134,
test_sys.py,SysModuleTest.test_racing_recursion_limit,0.0,0.13333333333333333,
test_sys.py,SysModuleTest.test_thread_info,0.117,0.5706666666666667,4.877492877492877
test_int_literal.py,TestHexOctBin.test_bin_baseline,0.117,0.5786666666666667,4.945868945868946
test_int_literal.py,TestHexOctBin.test_bin_unsigned,0.11800000000000001,0.561,4.754237288135593
test_int_literal.py,TestHexOctBin.test_hex_baseline,0.12033333333333333,0.5863333333333333,4.8725761772853176
test_int_literal.py,TestHexOctBin.test_hex_unsigned,0.12033333333333333,0.5706666666666667,4.742382271468144
test_int_literal.py,TestHexOctBin.test_oct_baseline,0.12066666666666666,0.585,4.848066298342541
test_int_literal.py,TestHexOctBin.test_oct_unsigned,0.121,0.5866666666666667,4.848484848484849
test_generators.py,ExceptionTest.test_except_gen_except,0.11833333333333333,0.5716666666666667,4.830985915492958
test_generators.py,ExceptionTest.test_except_next,0.12066666666666666,0.556,4.607734806629835
test_generators.py,ExceptionTest.test_nested_gen_except_loop,0.119,0.7876666666666667,6.6190476190476195
test_generators.py,GeneratorCloseTest.test_close_closed,0.11966666666666666,0.556,4.64623955431755
test_generators.py,GeneratorCloseTest.test_close_exhausted,0.122,0.5546666666666666,4.546448087431694
test_generators.py,GeneratorCloseTest.test_close_no_return_value,0.12033333333333333,0.5533333333333333,4.598337950138505
test_generators.py,GeneratorCloseTest.test_close_not_catching_exit,0.12133333333333333,0.551,4.541208791208792
test_generators.py,GeneratorCloseTest.test_close_not_started,0.123,0.5553333333333333,4.514905149051491
test_generators.py,GeneratorCloseTest.test_close_raises,0.11966666666666667,0.5593333333333333,4.674094707520891
test_generators.py,GeneratorCloseTest.test_close_return_value,0.119,0.5573333333333333,4.6834733893557425
test_generators.py,GeneratorTest.test_genexpr_only_calls_dunder_iter_once,0.119,0.536,4.50420168067227
test_generators.py,GeneratorTest.test_issue103488,0.12166666666666666,0.5636666666666666,4.632876712328767
test_generators.py,GeneratorTest.test_send_non_none_to_new_gen,0.11866666666666667,0.57,4.803370786516854
test_generators.py,GeneratorThrowTest.test_exception_context_with_yield,0.12033333333333333,0.5783333333333333,4.806094182825484
test_generators.py,GeneratorThrowTest.test_exception_context_with_yield_from,0.12,0.5803333333333333,4.83611111111111
test_generators.py,GeneratorThrowTest.test_exception_context_with_yield_from_with_context_cycle,0.121,0.5646666666666667,4.666666666666667
test_generators.py,GeneratorThrowTest.test_exception_context_with_yield_inside_generator,0.122,0.5696666666666667,4.669398907103825
test_generators.py,GeneratorThrowTest.test_throw_after_none_exc_type,0.121,0.5506666666666667,4.550964187327825
test_userdict.py,UserDictTest.test_constructor,0.122,0.5813333333333333,4.765027322404371
test_userdict.py,UserDictTest.test_get,0.121,0.5853333333333333,4.837465564738292
test_userdict.py,UserDictTest.test_keys,0.12133333333333333,0.5773333333333334,4.758241758241758
test_userdict.py,UserDictTest.test_len,0.12066666666666666,0.5666666666666667,4.696132596685083
test_userdict.py,UserDictTest.test_mutatingiteration,0.122,0.5516666666666667,4.521857923497269
test_userdict.py,UserDictTest.test_read,0.12133333333333333,0.6403333333333333,5.277472527472527
test_list.py,ListTest.test_append,0.12166666666666666,0.5713333333333332,4.695890410958904
test_list.py,ListTest.test_basic,0.12233333333333334,0.583,4.7656675749318795
test_list.py,ListTest.test_bigrepeat,0.122,0.546,4.475409836065574
test_list.py,ListTest.test_clear,0.12,0.5763333333333333,4.802777777777777
test_list.py,ListTest.test_contains,0.12066666666666666,0.5713333333333332,4.734806629834254
test_list.py,ListTest.test_copy,0.12,0.59,4.916666666666667
test_list.py,ListTest.test_delitem,0.12133333333333333,0.57,4.697802197802197
test_list.py,ListTest.test_delslice,0.12066666666666666,0.5893333333333333,4.883977900552486
test_list.py,ListTest.test_empty_slice,0.11866666666666667,0.564,4.752808988764045
test_list.py,ListTest.test_extendedslicing,0.122,0.6043333333333333,4.953551912568305
test_list.py,ListTest.test_getitem,0.12266666666666666,0.633,5.160326086956522
test_list.py,ListTest.test_getslice,0.117,0.6356666666666667,5.433048433048433
test_list.py,ListTest.test_iadd,0.11966666666666667,0.5673333333333332,4.740947075208913
test_list.py,ListTest.test_identity,0.121,0.562,4.644628099173555
test_list.py,ListTest.test_insert,0.122,0.579,4.745901639344262
test_list.py,ListTest.test_len,0.12333333333333334,0.583,4.7270270270270265
test_list.py,ListTest.test_list_resize_overflow,0.12233333333333334,0.5786666666666667,4.730245231607629
test_list.py,ListTest.test_minmax,0.12,0.5626666666666666,4.688888888888889
test_list.py,ListTest.test_overflow,0.123,0.572,4.650406504065041
test_list.py,ListTest.test_pop,0.12133333333333333,0.5876666666666667,4.843406593406593
test_list.py,ListTest.test_repr_large,0.16566666666666668,0.99,5.975855130784708
test_list.py,ListTest.test_reverse,0.122,0.574,4.704918032786885
test_list.py,ListTest.test_set_subscript,0.12166666666666666,0.5753333333333333,4.728767123287671
test_list.py,ListTest.test_setitem,0.121,0.6073333333333333,5.019283746556473
test_list.py,ListTest.test_setslice,0.121,1.116,9.223140495867769
test_list.py,ListTest.test_slice,0.12266666666666666,0.564,4.5978260869565215
test_list.py,ListTest.test_slice_assign_iterator,0.11966666666666666,0.5643333333333334,4.715877437325906
test_list.py,ListTest.test_step_overflow,0.12,0.5653333333333334,4.711111111111111
test_list.py,ListTest.test_subscript,0.119,0.6063333333333333,5.095238095238095
test_list.py,ListTest.test_tier2_invalidates_iterator,0.11933333333333333,0.9983333333333333,8.365921787709498
test_list.py,ListTest.test_truth,0.12,0.551,4.591666666666667
